TX,Callahan,317.3,3.5,61.4,42.1,210.4,"2,105.5",447.0,"1,517.0",141.4
TX,Jones,317.3,3.5,61.4,42.1,210.4,"2,105.5",447.0,"1,517.0",141.4
TX,Taylor,317.3,3.5,61.4,42.1,210.4,"2,105.5",447.0,"1,517.0",141.4
OH,Portage2,371.7,4.7,45.2,64.7,257.2,"2,052.5",393.6,"1,531.9",127.0
OH,Summit,371.7,4.7,45.2,64.7,257.2,"2,052.5",393.6,"1,531.9",127.0
GA,Dougherty,717.6,8.0,44.2,135.3,530.0,"3,388.1",719.6,"2,445.4",223.1
GA,Lee,717.6,8.0,44.2,135.3,530.0,"3,388.1",719.6,"2,445.4",223.1
GA,Terrell,717.6,8.0,44.2,135.3,530.0,"3,388.1",719.6,"2,445.4",223.1
GA,Worth,717.6,8.0,44.2,135.3,530.0,"3,388.1",719.6,"2,445.4",223.1
OR,Linn,136.6,4.7,27.3,18.7,85.9,"2,141.2",267.0,"1,687.7",186.6
NY,Albany,257.5,1.6,39.8,54.9,161.3,"1,746.5",198.1,"1,476.1",72.3
NY,Rensselaer,257.5,1.6,39.8,54.9,161.3,"1,746.5",198.1,"1,476.1",72.3
NY,Saratoga,257.5,1.6,39.8,54.9,161.3,"1,746.5",198.1,"1,476.1",72.3
NY,Schenectady,257.5,1.6,39.8,54.9,161.3,"1,746.5",198.1,"1,476.1",72.3
NY,Schoharie,257.5,1.6,39.8,54.9,161.3,"1,746.5",198.1,"1,476.1",72.3
NM,Bernalillo,"1,043.4",10.1,64.0,194.0,775.3,,,"2,633.7",674.0
NM,Sandoval,"1,043.4",10.1,64.0,194.0,775.3,,,"2,633.7",674.0
NM,Torrance,"1,043.4",10.1,64.0,194.0,775.3,,,"2,633.7",674.0
NM,Valencia,"1,043.4",10.1,64.0,194.0,775.3,,,"2,633.7",674.0
LA,Grant,849.2,10.5,46.7,108.5,683.4,"4,538.7","1,106.4","3,160.7",271.7
LA,Rapides Parishes,849.2,10.5,46.7,108.5,683.4,"4,538.7","1,106.4","3,160.7",271.7
PA,Blair,333.4,0.8,91.2,27.1,214.4,"1,240.1",222.6,955.1,62.4
TX,Armstrong,595.4,6.0,72.9,96.6,419.8,"3,224.5",620.2,"2,203.7",400.7
TX,Carson,595.4,6.0,72.9,96.6,419.8,"3,224.5",620.2,"2,203.7",400.7
TX,Oldham,595.4,6.0,72.9,96.6,419.8,"3,224.5",620.2,"2,203.7",400.7
TX,Potter,595.4,6.0,72.9,96.6,419.8,"3,224.5",620.2,"2,203.7",400.7
TX,Randall,595.4,6.0,72.9,96.6,419.8,"3,224.5",620.2,"2,203.7",400.7
IA,Boone,199.3,1.6,51.2,17.6,128.9,"1,396.6",204.9,"1,105.3",86.4
IA,Story,199.3,1.6,51.2,17.6,128.9,"1,396.6",204.9,"1,105.3",86.4
AK,Anchorage,"1,194.6",11.1,178.4,208.4,796.7,"4,319.0",600.1,"3,190.1",528.8
AK,Matanuska-Susitna,"1,194.6",11.1,178.4,208.4,796.7,"4,319.0",600.1,"3,190.1",528.8
MI,Washtenaw,355.5,2.1,67.0,38.3,248.1,"1,649.8",199.0,"1,323.3",127.5
WI,Calumet,164.2,1.7,34.3,11.3,116.9,"1,088.7",111.4,919.5,57.8
WI,Outagamie,164.2,1.7,34.3,11.3,116.9,"1,088.7",111.4,919.5,57.8
NC,Buncombe,316.1,3.2,31.0,52.0,229.8,"2,763.1",624.8,"1,888.8",249.5
NC,Haywood,316.1,3.2,31.0,52.0,229.8,"2,763.1",624.8,"1,888.8",249.5
NC,Henderson,316.1,3.2,31.0,52.0,229.8,"2,763.1",624.8,"1,888.8",249.5
NC,Madison,316.1,3.2,31.0,52.0,229.8,"2,763.1",624.8,"1,888.8",249.5
NJ,Atlantic,255.4,4.9,18.6,103.4,128.5,"2,399.8",325.7,"1,966.6",107.6
GA,Burke,361.1,8.0,30.5,67.5,255.0,"2,478.8",423.6,"1,854.1",201.1
GA,Columbia,361.1,8.0,30.5,67.5,255.0,"2,478.8",423.6,"1,854.1",201.1
GA,Lincoln,361.1,8.0,30.5,67.5,255.0,"2,478.8",423.6,"1,854.1",201.1
GA,McDuffie,361.1,8.0,30.5,67.5,255.0,"2,478.8",423.6,"1,854.1",201.1
GA,Richmond,361.1,8.0,30.5,67.5,255.0,"2,478.8",423.6,"1,854.1",201.1
SC,Aiken,361.1,8.0,30.5,67.5,255.0,"2,478.8",423.6,"1,854.1",201.1
SC,Edgefield,361.1,8.0,30.5,67.5,255.0,"2,478.8",423.6,"1,854.1",201.1
TX,Bastrop,286.9,2.5,48.3,56.9,179.2,"2,410.2",313.8,"1,905.9",190.5
TX,Caldwell,286.9,2.5,48.3,56.9,179.2,"2,410.2",313.8,"1,905.9",190.5
TX,Hays,286.9,2.5,48.3,56.9,179.2,"2,410.2",313.8,"1,905.9",190.5
TX,Travis,286.9,2.5,48.3,56.9,179.2,"2,410.2",313.8,"1,905.9",190.5
TX,Williamson,286.9,2.5,48.3,56.9,179.2,"2,410.2",313.8,"1,905.9",190.5
CA,Kern,621.1,9.4,50.8,138.1,422.8,"3,302.7",847.3,"1,799.1",656.3
MD,Anne Arundel,698.7,15.5,36.6,242.7,403.8,"2,358.5",364.7,"1,753.9",239.9
MD,Baltimore,698.7,15.5,36.6,242.7,403.8,"2,358.5",364.7,"1,753.9",239.9
MD,Carroll,698.7,15.5,36.6,242.7,403.8,"2,358.5",364.7,"1,753.9",239.9
MD,Harford,698.7,15.5,36.6,242.7,403.8,"2,358.5",364.7,"1,753.9",239.9
MD,Howard,698.7,15.5,36.6,242.7,403.8,"2,358.5",364.7,"1,753.9",239.9
MD,Queen Anne's,698.7,15.5,36.6,242.7,403.8,"2,358.5",364.7,"1,753.9",239.9
MD,Baltimore City,698.7,15.5,36.6,242.7,403.8,"2,358.5",364.7,"1,753.9",239.9
ME,Penobscot,44.3,0.7,4.6,13.2,25.8,"1,557.1",146.1,"1,362.0",48.9
MA,Barnstable,326.8,0.9,53.4,13.7,258.7,953.8,189.6,729.2,35.0
LA,Ascension,554.0,14.1,28.3,107.4,404.3,"3,317.0",547.0,"2,573.0",197.0
LA,Assumption,554.0,14.1,28.3,107.4,404.3,"3,317.0",547.0,"2,573.0",197.0
LA,East Baton Rouge,554.0,14.1,28.3,107.4,404.3,"3,317.0",547.0,"2,573.0",197.0
LA,East Feliciana,554.0,14.1,28.3,107.4,404.3,"3,317.0",547.0,"2,573.0",197.0
LA,Iberville,554.0,14.1,28.3,107.4,404.3,"3,317.0",547.0,"2,573.0",197.0
LA,Livingston,554.0,14.1,28.3,107.4,404.3,"3,317.0",547.0,"2,573.0",197.0
LA,Pointe Coupee,554.0,14.1,28.3,107.4,404.3,"3,317.0",547.0,"2,573.0",197.0
LA,St. Helena,554.0,14.1,28.3,107.4,404.3,"3,317.0",547.0,"2,573.0",197.0
LA,West Baton Rouge,554.0,14.1,28.3,107.4,404.3,"3,317.0",547.0,"2,573.0",197.0
LA,West Feliciana Parishes,554.0,14.1,28.3,107.4,404.3,"3,317.0",547.0,"2,573.0",197.0
MI,Calhoun,624.0,4.5,80.6,67.9,471.0,,,"2,040.1",169.4
MI,Bay,383.7,2.9,75.6,28.1,277.1,"1,254.8",257.7,914.7,82.4
TX,Hardin,541.2,8.6,47.2,118.0,367.4,"2,193.3",509.2,"1,471.4",212.6
TX,Jefferson,541.2,8.6,47.2,118.0,367.4,"2,193.3",509.2,"1,471.4",212.6
TX,Orange,541.2,8.6,47.2,118.0,367.4,"2,193.3",509.2,"1,471.4",212.6
WA,Whatcom,220.1,3.9,43.8,34.2,138.1,"2,100.9",359.9,"1,641.4",99.5
OR,Deschutes,165.4,0.5,29.1,15.8,120.0,"1,921.3",174.1,"1,618.0",129.2
MT,Carbon,,,56.7,58.4,374.1,"3,012.4",397.2,"2,208.1",407.1
MT,Stillwater,,,56.7,58.4,374.1,"3,012.4",397.2,"2,208.1",407.1
MT,Yellowstone,,,56.7,58.4,374.1,"3,012.4",397.2,"2,208.1",407.1
NY,Broome,285.4,2.5,72.0,45.5,165.4,"2,009.4",337.6,"1,607.8",64.0
NY,Tioga,285.4,2.5,72.0,45.5,165.4,"2,009.4",337.6,"1,607.8",64.0
ND,Burleigh,305.7,3.9,80.7,34.1,187.0,"2,314.8",263.8,"1,780.9",270.0
ND,Morton,305.7,3.9,80.7,34.1,187.0,"2,314.8",263.8,"1,780.9",270.0
ND,Oliver,305.7,3.9,80.7,34.1,187.0,"2,314.8",263.8,"1,780.9",270.0
VA,Giles,192.3,1.2,63.1,11.9,116.1,"1,656.0",197.7,"1,376.1",82.2
VA,Montgomery,192.3,1.2,63.1,11.9,116.1,"1,656.0",197.7,"1,376.1",82.2
VA,Pulaski,192.3,1.2,63.1,11.9,116.1,"1,656.0",197.7,"1,376.1",82.2
VA,Radford,192.3,1.2,63.1,11.9,116.1,"1,656.0",197.7,"1,376.1",82.2
IL,McLean,353.8,1.7,67.9,48.1,236.0,"1,383.2",193.7,"1,107.1",82.4
ID,Ada,250.9,1.3,58.3,11.1,180.2,"1,242.6",201.9,946.2,94.5
ID,Boise,250.9,1.3,58.3,11.1,180.2,"1,242.6",201.9,946.2,94.5
ID,Canyon,250.9,1.3,58.3,11.1,180.2,"1,242.6",201.9,946.2,94.5
ID,Gem,250.9,1.3,58.3,11.1,180.2,"1,242.6",201.9,946.2,94.5
ID,Owyhee,250.9,1.3,58.3,11.1,180.2,"1,242.6",201.9,946.2,94.5
MA,Boston,277.7,1.9,26.0,47.8,202.0,,140.1,887.8,
MA,Cambridge-Newton-Framingham,277.7,1.9,26.0,47.8,202.0,,140.1,887.8,
NH,Rockingham,277.7,1.9,26.0,47.8,202.0,,140.1,887.8,
NH,Strafford,277.7,1.9,26.0,47.8,202.0,,140.1,887.8,
CO,Norfolk,396.3,3.0,31.1,78.6,283.6,,166.5,"1,048.9",
CO,Plymouth,396.3,3.0,31.1,78.6,283.6,,166.5,"1,048.9",
CO,Suffolk,396.3,3.0,31.1,78.6,283.6,,166.5,"1,048.9",
CO,Essex,210.5,1.1,20.5,28.3,160.5,936.8,123.6,746.6,66.6
CO,Middlesex,210.5,1.1,20.5,28.3,160.5,936.8,123.6,746.6,66.6
CO,Rockingham,98.3,1.1,32.4,12.0,52.8,"1,080.8",109.2,916.5,55.1
CO,Strafford,98.3,1.1,32.4,12.0,52.8,"1,080.8",109.2,916.5,55.1
CO,Boulder,272.3,0.9,68.2,25.3,178.0,"2,445.6",303.9,"1,929.3",212.4
KY,Allen,153.5,3.3,47.4,34.6,68.1,"2,337.3",360.0,"1,777.0",200.4
KY,Butler,153.5,3.3,47.4,34.6,68.1,"2,337.3",360.0,"1,777.0",200.4
KY,Edmonson,153.5,3.3,47.4,34.6,68.1,"2,337.3",360.0,"1,777.0",200.4
KY,Warren,153.5,3.3,47.4,34.6,68.1,"2,337.3",360.0,"1,777.0",200.4
WA,Kitsap,261.4,1.5,57.9,29.9,172.2,"1,988.1",364.7,"1,454.2",169.2
CT,Fairfield,174.2,3.0,17.4,65.5,88.2,"1,208.4",165.9,895.7,146.9
TX,Cameron,375.1,0.9,55.0,55.8,263.4,"2,528.9",394.5,"2,051.0",83.4
NY,Erie,354.3,5.3,29.6,100.9,218.6,"1,868.4",273.6,"1,486.6",108.2
NY,Niagara,354.3,5.3,29.6,100.9,218.6,"1,868.4",273.6,"1,486.6",108.2
NC,Alamance,407.6,8.3,39.2,58.2,301.8,"2,639.7",590.0,"1,898.8",150.9
VT,Chittenden,200.5,2.3,51.5,14.5,132.3,"1,709.7",183.3,"1,483.0",43.4
VT,Franklin,200.5,2.3,51.5,14.5,132.3,"1,709.7",183.3,"1,483.0",43.4
VT,Grand,200.5,2.3,51.5,14.5,132.3,"1,709.7",183.3,"1,483.0",43.4
VT,Isle,200.5,2.3,51.5,14.5,132.3,"1,709.7",183.3,"1,483.0",43.4
MD,St. Mary's,204.4,0.9,25.7,40.7,137.2,"1,663.8",294.7,"1,306.3",62.8
OH,Carroll,338.6,2.3,60.9,60.2,215.2,"2,223.3",489.9,"1,589.2",144.2
OH,Stark,338.6,2.3,60.9,60.2,215.2,"2,223.3",489.9,"1,589.2",144.2
FL,Lee,257.8,3.0,32.0,50.3,172.4,"1,157.9",174.9,884.6,98.3
IL,Alexander,384.6,7.2,34.0,47.4,295.9,"2,124.2",394.9,"1,614.8",114.5
MO,Bollinger,384.6,7.2,34.0,47.4,295.9,"2,124.2",394.9,"1,614.8",114.5
MO,Cape Girardeau,384.6,7.2,34.0,47.4,295.9,"2,124.2",394.9,"1,614.8",114.5
NV,Carson,347.8,0.0,84.7,19.8,243.3,"1,281.3",273.9,877.6,129.8
WY,Natrona,285.6,2.5,85.5,31.5,166.1,"2,473.3",465.5,"1,812.8",195.0
IA,Benton,188.5,0.7,20.9,33.0,133.8,"2,040.9",400.0,"1,464.5",176.4
IA,Jones,188.5,0.7,20.9,33.0,133.8,"2,040.9",400.0,"1,464.5",176.4
IA,Linn,188.5,0.7,20.9,33.0,133.8,"2,040.9",400.0,"1,464.5",176.4
IL,Champaign,485.4,1.3,69.8,68.9,345.4,"1,990.8",326.4,"1,569.4",95.0
IL,Piatt,485.4,1.3,69.8,68.9,345.4,"1,990.8",326.4,"1,569.4",95.0
SC,Berkeley,398.0,8.9,41.4,62.4,285.2,"2,678.8",383.3,"1,968.0",327.5
SC,Charleston,398.0,8.9,41.4,62.4,285.2,"2,678.8",383.3,"1,968.0",327.5
SC,Dorchester,398.0,8.9,41.4,62.4,285.2,"2,678.8",383.3,"1,968.0",327.5
VA,Albemarle,175.7,2.3,46.5,17.3,109.5,"1,416.6",143.3,"1,194.3",79.0
VA,Buckingham,175.7,2.3,46.5,17.3,109.5,"1,416.6",143.3,"1,194.3",79.0
VA,Fluvanna,175.7,2.3,46.5,17.3,109.5,"1,416.6",143.3,"1,194.3",79.0
VA,Greene,175.7,2.3,46.5,17.3,109.5,"1,416.6",143.3,"1,194.3",79.0
VA,Nelson,175.7,2.3,46.5,17.3,109.5,"1,416.6",143.3,"1,194.3",79.0
VA,Charlottesville,175.7,2.3,46.5,17.3,109.5,"1,416.6",143.3,"1,194.3",79.0
GA,Catoosa,525.6,6.4,42.8,45.1,431.2,"2,891.0",380.6,"2,167.4",343.1
GA,Dade,525.6,6.4,42.8,45.1,431.2,"2,891.0",380.6,"2,167.4",343.1
GA,Walker,525.6,6.4,42.8,45.1,431.2,"2,891.0",380.6,"2,167.4",343.1
TN,Hamilton,525.6,6.4,42.8,45.1,431.2,"2,891.0",380.6,"2,167.4",343.1
TN,Marion,525.6,6.4,42.8,45.1,431.2,"2,891.0",380.6,"2,167.4",343.1
TN,Sequatchie,525.6,6.4,42.8,45.1,431.2,"2,891.0",380.6,"2,167.4",343.1
CA,Butte,443.8,3.0,78.0,72.4,290.4,"2,306.4",481.5,"1,448.8",376.2
IN,Dearborn,237.4,4.1,42.0,67.0,124.2,"1,976.9",318.7,"1,498.9",159.4
IN,Franklin,237.4,4.1,42.0,67.0,124.2,"1,976.9",318.7,"1,498.9",159.4
IN,Ohio,237.4,4.1,42.0,67.0,124.2,"1,976.9",318.7,"1,498.9",159.4
IN,Union,237.4,4.1,42.0,67.0,124.2,"1,976.9",318.7,"1,498.9",159.4
KY,Boone,237.4,4.1,42.0,67.0,124.2,"1,976.9",318.7,"1,498.9",159.4
KY,Bracken,237.4,4.1,42.0,67.0,124.2,"1,976.9",318.7,"1,498.9",159.4
KY,Campbell,237.4,4.1,42.0,67.0,124.2,"1,976.9",318.7,"1,498.9",159.4
KY,Gallatin,237.4,4.1,42.0,67.0,124.2,"1,976.9",318.7,"1,498.9",159.4
KY,Grant,237.4,4.1,42.0,67.0,124.2,"1,976.9",318.7,"1,498.9",159.4
KY,Kenton,237.4,4.1,42.0,67.0,124.2,"1,976.9",318.7,"1,498.9",159.4
KY,Pendleton,237.4,4.1,42.0,67.0,124.2,"1,976.9",318.7,"1,498.9",159.4
OH,Brown,237.4,4.1,42.0,67.0,124.2,"1,976.9",318.7,"1,498.9",159.4
OH,Butler,237.4,4.1,42.0,67.0,124.2,"1,976.9",318.7,"1,498.9",159.4
OH,Clermont,237.4,4.1,42.0,67.0,124.2,"1,976.9",318.7,"1,498.9",159.4
OH,Hamilton,237.4,4.1,42.0,67.0,124.2,"1,976.9",318.7,"1,498.9",159.4
OH,Warren,237.4,4.1,42.0,67.0,124.2,"1,976.9",318.7,"1,498.9",159.4
KY,Christian,387.5,6.8,48.4,48.7,283.6,"2,260.4",369.5,"1,670.2",220.7
KY,Trigg,387.5,6.8,48.4,48.7,283.6,"2,260.4",369.5,"1,670.2",220.7
TN,Montgomery,387.5,6.8,48.4,48.7,283.6,"2,260.4",369.5,"1,670.2",220.7
TN,Stewart,387.5,6.8,48.4,48.7,283.6,"2,260.4",369.5,"1,670.2",220.7
TN,Bradley,559.8,2.4,41.7,45.7,470.0,"2,858.4",502.1,"2,066.8",289.5
TN,Polk,559.8,2.4,41.7,45.7,470.0,"2,858.4",502.1,"2,066.8",289.5
OH,Cuyahoga,403.3,5.9,41.0,120.5,235.8,"1,851.4",364.4,"1,288.2",198.9
OH,Geauga,403.3,5.9,41.0,120.5,235.8,"1,851.4",364.4,"1,288.2",198.9
OH,Lake,403.3,5.9,41.0,120.5,235.8,"1,851.4",364.4,"1,288.2",198.9
OH,Lorain,403.3,5.9,41.0,120.5,235.8,"1,851.4",364.4,"1,288.2",198.9
OH,Medina,403.3,5.9,41.0,120.5,235.8,"1,851.4",364.4,"1,288.2",198.9
ID,Kootenai,219.0,0.6,41.1,9.7,167.6,"1,269.7",204.5,984.2,81.1
TX,Brazos,262.4,1.9,61.8,41.9,156.8,"1,971.2",378.5,"1,438.0",154.6
TX,Burleson,262.4,1.9,61.8,41.9,156.8,"1,971.2",378.5,"1,438.0",154.6
TX,Robertson,262.4,1.9,61.8,41.9,156.8,"1,971.2",378.5,"1,438.0",154.6
CO,El Paso,465.7,4.4,77.8,74.1,309.4,"2,847.7",397.5,"1,958.8",491.3
CO,Teller,465.7,4.4,77.8,74.1,309.4,"2,847.7",397.5,"1,958.8",491.3
MO,Boone,271.8,6.7,48.2,40.5,176.4,"2,182.2",340.4,"1,623.9",217.9
MO,Cooper,271.8,6.7,48.2,40.5,176.4,"2,182.2",340.4,"1,623.9",217.9
MO,Howard3,271.8,6.7,48.2,40.5,176.4,"2,182.2",340.4,"1,623.9",217.9
SC,Calhoun,583.4,8.4,49.0,82.7,443.3,"3,372.3",532.4,"2,430.1",409.8
SC,Fairfield,583.4,8.4,49.0,82.7,443.3,"3,372.3",532.4,"2,430.1",409.8
SC,Kershaw,583.4,8.4,49.0,82.7,443.3,"3,372.3",532.4,"2,430.1",409.8
SC,Lexington,583.4,8.4,49.0,82.7,443.3,"3,372.3",532.4,"2,430.1",409.8
SC,Richland,583.4,8.4,49.0,82.7,443.3,"3,372.3",532.4,"2,430.1",409.8
SC,Saluda,583.4,8.4,49.0,82.7,443.3,"3,372.3",532.4,"2,430.1",409.8
IN,Bartholomew,145.8,0.0,69.3,22.7,53.8,"2,227.2",248.5,"1,862.8",115.9
OH,Delaware,286.5,5.3,62.3,99.9,119.0,"2,390.3",417.5,"1,752.9",219.8
OH,Fairfield,286.5,5.3,62.3,99.9,119.0,"2,390.3",417.5,"1,752.9",219.8
OH,Franklin,286.5,5.3,62.3,99.9,119.0,"2,390.3",417.5,"1,752.9",219.8
OH,Hocking,286.5,5.3,62.3,99.9,119.0,"2,390.3",417.5,"1,752.9",219.8
OH,Licking,286.5,5.3,62.3,99.9,119.0,"2,390.3",417.5,"1,752.9",219.8
OH,Madison,286.5,5.3,62.3,99.9,119.0,"2,390.3",417.5,"1,752.9",219.8
OH,Morrow,286.5,5.3,62.3,99.9,119.0,"2,390.3",417.5,"1,752.9",219.8
OH,Perry,286.5,5.3,62.3,99.9,119.0,"2,390.3",417.5,"1,752.9",219.8
OH,Pickaway,286.5,5.3,62.3,99.9,119.0,"2,390.3",417.5,"1,752.9",219.8
OH,Union,286.5,5.3,62.3,99.9,119.0,"2,390.3",417.5,"1,752.9",219.8
TX,Nueces,736.9,8.1,72.9,124.8,531.2,"3,168.7",569.1,"2,354.9",244.6
TX,San Patricio,736.9,8.1,72.9,124.8,531.2,"3,168.7",569.1,"2,354.9",244.6
FL,Okaloosa,313.2,4.6,46.4,23.0,239.3,"1,669.9",224.8,"1,307.5",137.7
FL,Walton,313.2,4.6,46.4,23.0,239.3,"1,669.9",224.8,"1,307.5",137.7
MD,Allegany,274.8,0.0,27.9,45.5,201.4,"1,820.1",393.6,"1,350.1",76.4
WV,Mineral,274.8,0.0,27.9,45.5,201.4,"1,820.1",393.6,"1,350.1",76.4
IL,Vermilion,935.7,9.2,121.2,97.5,707.7,"2,848.0",793.4,"1,914.9",139.7
IL,Henry,366.4,2.1,55.8,55.5,253.0,"2,198.7",420.1,"1,598.8",179.8
IL,Mercer,366.4,2.1,55.8,55.5,253.0,"2,198.7",420.1,"1,598.8",179.8
IL,Rock Island,366.4,2.1,55.8,55.5,253.0,"2,198.7",420.1,"1,598.8",179.8
IA,Scott,366.4,2.1,55.8,55.5,253.0,"2,198.7",420.1,"1,598.8",179.8
OH,Greene,328.4,7.4,65.8,79.5,175.7,"2,258.9",431.4,"1,639.2",188.3
OH,Miami,328.4,7.4,65.8,79.5,175.7,"2,258.9",431.4,"1,639.2",188.3
OH,Montgomery,328.4,7.4,65.8,79.5,175.7,"2,258.9",431.4,"1,639.2",188.3
IL,Macon,419.3,10.6,61.8,68.6,278.2,"2,301.3",502.4,"1,614.4",184.5
FL,Flagler,319.3,4.2,20.5,43.5,251.0,"1,805.3",283.0,"1,382.5",139.9
FL,Volusia,319.3,4.2,20.5,43.5,251.0,"1,805.3",283.0,"1,382.5",139.9
MI,Detroit-Dearborn-Livonia,516.9,8.4,56.5,80.6,371.4,"1,682.4",311.3,"1,109.1",261.9
MI,Warren-Troy-Farmington,516.9,8.4,56.5,80.6,371.4,"1,682.4",311.3,"1,109.1",261.9
MI,Hills,516.9,8.4,56.5,80.6,371.4,"1,682.4",311.3,"1,109.1",261.9
Unknown,Wayne,984.3,18.0,86.1,166.0,714.4,"2,691.1",541.8,"1,630.9",518.4
Unknown,Lapeer,201.1,1.9,36.6,22.9,139.7,"1,000.9",155.6,756.5,88.7
Unknown,Livingston,201.1,1.9,36.6,22.9,139.7,"1,000.9",155.6,756.5,88.7
Unknown,Macomb,201.1,1.9,36.6,22.9,139.7,"1,000.9",155.6,756.5,88.7
Unknown,Oakland,201.1,1.9,36.6,22.9,139.7,"1,000.9",155.6,756.5,88.7
Unknown,St.,201.1,1.9,36.6,22.9,139.7,"1,000.9",155.6,756.5,88.7
Unknown,Clair,201.1,1.9,36.6,22.9,139.7,"1,000.9",155.6,756.5,88.7
DE,Kent,427.4,3.3,39.4,53.8,330.8,"2,230.7",238.7,"1,876.0",116.0
IA,Dubuque,134.4,1.0,43.4,9.3,80.6,"1,140.1",186.1,870.4,83.7
MN,Carlton,209.1,1.4,43.6,27.7,136.4,"2,665.2",380.9,"2,123.0",161.4
MN,Lake,209.1,1.4,43.6,27.7,136.4,"2,665.2",380.9,"2,123.0",161.4
MN,St. Louis,209.1,1.4,43.6,27.7,136.4,"2,665.2",380.9,"2,123.0",161.4
WI,Douglas,209.1,1.4,43.6,27.7,136.4,"2,665.2",380.9,"2,123.0",161.4
NC,Chatham,439.1,7.3,31.5,115.4,284.9,"2,581.7",493.9,"1,922.7",165.1
NC,Durham,439.1,7.3,31.5,115.4,284.9,"2,581.7",493.9,"1,922.7",165.1
NC,Granville,439.1,7.3,31.5,115.4,284.9,"2,581.7",493.9,"1,922.7",165.1
NC,Orange,439.1,7.3,31.5,115.4,284.9,"2,581.7",493.9,"1,922.7",165.1
NC,Person,439.1,7.3,31.5,115.4,284.9,"2,581.7",493.9,"1,922.7",165.1
PA,Monroe,236.4,2.4,37.8,16.5,179.6,"1,507.4",224.0,"1,234.4",49.0
WI,Chippewa,214.3,3.0,69.7,15.4,126.4,"1,535.2",249.8,"1,208.1",77.4
WI,Eau,214.3,3.0,69.7,15.4,126.4,"1,535.2",249.8,"1,208.1",77.4
WI,Claire,214.3,3.0,69.7,15.4,126.4,"1,535.2",249.8,"1,208.1",77.4
CA,Imperial,339.4,3.9,16.6,45.8,273.2,"1,997.3",444.8,"1,283.2",269.3
KY,Hardin,99.8,3.9,21.5,25.4,48.9,"1,134.1",308.0,681.9,144.2
KY,Larue,99.8,3.9,21.5,25.4,48.9,"1,134.1",308.0,681.9,144.2
KY,Meade,99.8,3.9,21.5,25.4,48.9,"1,134.1",308.0,681.9,144.2
NY,Chemung,213.9,1.2,22.8,54.1,135.8,"1,736.1",285.9,"1,410.5",39.6
TX,El Paso,333.2,4.9,43.7,42.9,241.7,"1,415.9",153.3,"1,143.1",119.5
TX,Hudspeth,333.2,4.9,43.7,42.9,241.7,"1,415.9",153.3,"1,143.1",119.5
OK,Garfield,370.2,1.6,77.3,14.8,276.4,"2,981.6",676.3,"2,098.0",207.3
PA,Erie,299.0,3.3,43.6,42.5,209.5,"1,597.2",238.4,"1,303.4",55.4
OR,Lane,,,47.5,59.0,203.7,"2,737.0",393.0,"2,081.1",263.0
IN,Posey,327.2,5.4,42.2,55.8,223.8,"2,282.5",302.2,"1,787.9",192.5
IN,Vanderburgh,327.2,5.4,42.2,55.8,223.8,"2,282.5",302.2,"1,787.9",192.5
IN,Warrick,327.2,5.4,42.2,55.8,223.8,"2,282.5",302.2,"1,787.9",192.5
KY,Henderson,327.2,5.4,42.2,55.8,223.8,"2,282.5",302.2,"1,787.9",192.5
AK,Fairbanks,794.5,8.9,116.1,154.7,514.8,"4,437.0",529.7,"3,324.0",583.3
AK,North,794.5,8.9,116.1,154.7,514.8,"4,437.0",529.7,"3,324.0",583.3
AK,Star,794.5,8.9,116.1,154.7,514.8,"4,437.0",529.7,"3,324.0",583.3
MN,Clay,296.7,2.0,61.8,42.4,190.5,"2,338.5",469.8,"1,641.1",227.6
ND,Cass,296.7,2.0,61.8,42.4,190.5,"2,338.5",469.8,"1,641.1",227.6
AZ,Coconino,461.1,5.6,54.2,38.2,363.2,"2,449.3",197.2,"2,165.3",86.8
MI,Genesee,579.7,7.4,64.2,43.8,464.2,,,"1,145.5",148.6
SC,Darlington,823.4,16.6,68.8,107.8,630.3,"4,059.2",948.8,"2,794.3",316.1
SC,Florence,823.4,16.6,68.8,107.8,630.3,"4,059.2",948.8,"2,794.3",316.1
WI,Fond,176.5,0.0,48.5,14.5,113.5,"1,096.7",172.6,870.8,53.3
WI,du,176.5,0.0,48.5,14.5,113.5,"1,096.7",172.6,870.8,53.3
WI,Lac,176.5,0.0,48.5,14.5,113.5,"1,096.7",172.6,870.8,53.3
CO,Larimer,234.1,0.8,34.8,17.7,180.7,"1,878.2",194.2,"1,555.0",129.0
AR,Crawford,585.7,3.2,82.9,42.5,457.1,"3,182.4",603.3,"2,334.7",244.4
AR,Franklin,585.7,3.2,82.9,42.5,457.1,"3,182.4",603.3,"2,334.7",244.4
AR,Sebastian,585.7,3.2,82.9,42.5,457.1,"3,182.4",603.3,"2,334.7",244.4
OK,Sequoyah,585.7,3.2,82.9,42.5,457.1,"3,182.4",603.3,"2,334.7",244.4
IN,Allen,305.0,7.3,47.5,97.6,152.6,"2,113.7",290.7,"1,649.8",173.2
IN,Whitley,305.0,7.3,47.5,97.6,152.6,"2,113.7",290.7,"1,649.8",173.2
FL,Alachua,692.1,2.1,93.7,90.1,506.2,"2,454.0",407.9,"1,836.2",209.9
FL,Gilchrist,692.1,2.1,93.7,90.1,506.2,"2,454.0",407.9,"1,836.2",209.9
FL,Levy,692.1,2.1,93.7,90.1,506.2,"2,454.0",407.9,"1,836.2",209.9
NY,Warren,127.1,0.0,75.6,4.8,46.6,728.7,101.3,599.2,28.1
NY,Washington,127.1,0.0,75.6,4.8,46.6,728.7,101.3,599.2,28.1
NC,Wayne,414.7,3.2,8.9,66.5,336.0,"2,739.8",719.8,"1,808.9",211.0
MN,Polk,250.6,1.0,41.3,23.6,184.8,"2,044.5",330.3,"1,566.8",147.4
ND,Grand Forks,250.6,1.0,41.3,23.6,184.8,"2,044.5",330.3,"1,566.8",147.4
NE,Hall,375.7,1.3,79.1,19.8,275.5,"1,919.5",295.3,"1,473.9",150.3
NE,Howard,375.7,1.3,79.1,19.8,275.5,"1,919.5",295.3,"1,473.9",150.3
NE,Merrick,375.7,1.3,79.1,19.8,275.5,"1,919.5",295.3,"1,473.9",150.3
CO,Mesa,283.5,5.9,55.4,32.6,189.7,"2,537.3",366.3,"1,987.2",183.8
MI,Ionia,321.5,2.2,79.4,41.3,198.6,,,"1,014.1",115.7
MI,Kent,321.5,2.2,79.4,41.3,198.6,,,"1,014.1",115.7
MI,Montcalm,321.5,2.2,79.4,41.3,198.6,,,"1,014.1",115.7
MI,Ottawa,321.5,2.2,79.4,41.3,198.6,,,"1,014.1",115.7
OR,Josephine,238.7,0.0,42.3,27.4,169.0,"1,876.3",261.5,"1,272.2",342.6
MT,Cascade,,,52.8,25.8,385.7,"4,486.7",460.6,"3,663.8",362.3
CO,Weld,215.9,1.6,49.2,28.9,136.3,"1,632.3",218.1,"1,211.6",202.6
WI,Brown,225.9,1.5,41.8,17.3,165.3,"1,098.4",130.9,909.3,58.2
WI,Kewaunee,225.9,1.5,41.8,17.3,165.3,"1,098.4",130.9,909.3,58.2
WI,Oconto,225.9,1.5,41.8,17.3,165.3,"1,098.4",130.9,909.3,58.2
NC,Guilford,530.2,9.7,33.0,113.3,374.2,"2,695.9",578.8,"1,881.3",235.7
NC,Randolph,530.2,9.7,33.0,113.3,374.2,"2,695.9",578.8,"1,881.3",235.7
NC,Rockingham,530.2,9.7,33.0,113.3,374.2,"2,695.9",578.8,"1,881.3",235.7
NC,Pitt,362.5,4.4,20.4,74.5,263.2,"2,418.3",470.1,"1,840.1",108.1
MS,Hancock,221.3,6.5,37.8,54.6,122.4,"3,316.5",550.8,"2,480.0",285.7
MS,Harrison,221.3,6.5,37.8,54.6,122.4,"3,316.5",550.8,"2,480.0",285.7
MS,Jackson,221.3,6.5,37.8,54.6,122.4,"3,316.5",550.8,"2,480.0",285.7
MS,Stone,221.3,6.5,37.8,54.6,122.4,"3,316.5",550.8,"2,480.0",285.7
CA,Kings,504.8,2.7,47.3,58.7,396.1,"1,644.4",273.4,"1,108.3",262.7
VA,Rockingham,126.7,0.0,45.7,14.0,67.0,"1,165.8",153.2,954.4,58.2
VA,Harrisonburg,126.7,0.0,45.7,14.0,67.0,"1,165.8",153.2,954.4,58.2
CT,Hartford,199.0,3.2,19.4,55.6,120.8,,196.8,"1,320.3",
CT,Middlesex,199.0,3.2,19.4,55.6,120.8,,196.8,"1,320.3",
CT,Tolland,199.0,3.2,19.4,55.6,120.8,,196.8,"1,320.3",
SC,Beaufort,397.5,5.9,34.7,64.5,292.5,"1,566.7",274.9,"1,178.6",113.1
SC,Jasper,397.5,5.9,34.7,64.5,292.5,"1,566.7",274.9,"1,178.6",113.1
FL,Citrus,252.5,2.7,19.6,27.1,203.1,"1,391.0",266.7,992.3,132.0
AR,Garland,524.0,10.1,63.5,50.4,400.0,,,"2,403.3",356.7
LA,Lafourche,374.5,9.6,33.6,18.3,312.9,"2,930.8",432.1,"2,368.8",129.8
LA,Terrebonne,374.5,9.6,33.6,18.3,312.9,"2,930.8",432.1,"2,368.8",129.8
KY,Boyd,265.1,3.9,44.3,28.3,188.6,"1,674.8",369.5,"1,148.7",156.6
KY,Carter,265.1,3.9,44.3,28.3,188.6,"1,674.8",369.5,"1,148.7",156.6
KY,Greenup,265.1,3.9,44.3,28.3,188.6,"1,674.8",369.5,"1,148.7",156.6
OH,Lawrence,265.1,3.9,44.3,28.3,188.6,"1,674.8",369.5,"1,148.7",156.6
WV,Cabell,265.1,3.9,44.3,28.3,188.6,"1,674.8",369.5,"1,148.7",156.6
WV,Putnam,265.1,3.9,44.3,28.3,188.6,"1,674.8",369.5,"1,148.7",156.6
WV,Wayne,265.1,3.9,44.3,28.3,188.6,"1,674.8",369.5,"1,148.7",156.6
ID,Bonneville,204.5,1.3,35.6,9.2,158.3,"1,089.1",292.2,720.4,76.5
ID,Butte,204.5,1.3,35.6,9.2,158.3,"1,089.1",292.2,720.4,76.5
ID,Jefferson,204.5,1.3,35.6,9.2,158.3,"1,089.1",292.2,720.4,76.5
IA,Johnson,276.7,2.3,54.8,25.1,194.6,"1,516.5",291.5,"1,143.9",81.0
IA,Washington,276.7,2.3,54.8,25.1,194.6,"1,516.5",291.5,"1,143.9",81.0
NY,Tompkins,124.1,1.0,51.8,18.6,52.8,"1,667.6",192.5,"1,443.9",31.3
MI,Jackson,514.3,3.2,102.4,31.6,377.2,"2,004.9",265.4,"1,597.4",142.2
TN,Chester,613.6,11.8,37.0,72.4,492.3,"2,345.9",421.6,"1,718.8",205.5
TN,Crockett,613.6,11.8,37.0,72.4,492.3,"2,345.9",421.6,"1,718.8",205.5
TN,Gibson,613.6,11.8,37.0,72.4,492.3,"2,345.9",421.6,"1,718.8",205.5
TN,Madison,613.6,11.8,37.0,72.4,492.3,"2,345.9",421.6,"1,718.8",205.5
FL,Baker,474.7,9.2,50.3,94.0,321.2,"2,505.4",413.8,"1,870.6",221.0
FL,Clay,474.7,9.2,50.3,94.0,321.2,"2,505.4",413.8,"1,870.6",221.0
FL,Duval,474.7,9.2,50.3,94.0,321.2,"2,505.4",413.8,"1,870.6",221.0
FL,Nassau,474.7,9.2,50.3,94.0,321.2,"2,505.4",413.8,"1,870.6",221.0
FL,St. Johns,474.7,9.2,50.3,94.0,321.2,"2,505.4",413.8,"1,870.6",221.0
WI,Rock,232.7,3.1,45.9,42.3,141.5,"1,988.5",218.0,"1,676.8",93.7
MO,Callaway,220.4,4.6,38.3,19.1,158.4,"1,864.7",323.3,"1,403.5",137.9
MO,Cole,220.4,4.6,38.3,19.1,158.4,"1,864.7",323.3,"1,403.5",137.9
MO,Moniteau,220.4,4.6,38.3,19.1,158.4,"1,864.7",323.3,"1,403.5",137.9
MO,Osage,220.4,4.6,38.3,19.1,158.4,"1,864.7",323.3,"1,403.5",137.9
TN,Carter,328.6,1.5,29.0,23.1,275.0,"2,212.6",350.2,"1,638.1",224.3
TN,Unicoi,328.6,1.5,29.0,23.1,275.0,"2,212.6",350.2,"1,638.1",224.3
TN,Washington,328.6,1.5,29.0,23.1,275.0,"2,212.6",350.2,"1,638.1",224.3
AR,Craighead,556.0,11.2,99.5,49.4,395.9,"3,080.3","1,058.2","1,846.2",175.9
AR,Poinsett,556.0,11.2,99.5,49.4,395.9,"3,080.3","1,058.2","1,846.2",175.9
MO,Jasper,331.1,1.7,59.7,46.3,223.3,"3,659.9",574.0,"2,715.2",370.7
MO,Newton,331.1,1.7,59.7,46.3,223.3,"3,659.9",574.0,"2,715.2",370.7
HI,Maui,268.1,0.6,65.7,40.0,161.8,"2,976.0",344.5,"2,236.8",394.7
MI,Kalamazoo,572.5,4.5,85.0,97.4,385.7,"3,226.5",586.4,"2,372.4",267.7
IL,Kankakee,388.6,4.6,53.2,82.5,248.4,"1,921.0",275.9,"1,566.3",78.8
WA,Benton,219.5,2.7,45.2,36.9,134.7,"1,945.8",314.3,"1,460.3",171.3
WA,Franklin,219.5,2.7,45.2,36.9,134.7,"1,945.8",314.3,"1,460.3",171.3
TX,Bell,264.4,4.2,57.0,44.2,159.0,"1,810.4",357.2,"1,307.8",145.4
TX,Coryell,264.4,4.2,57.0,44.2,159.0,"1,810.4",357.2,"1,307.8",145.4
TX,Lampasas3,264.4,4.2,57.0,44.2,159.0,"1,810.4",357.2,"1,307.8",145.4
TN,Hawkins,300.8,4.6,35.0,24.2,237.1,"2,295.0",358.7,"1,685.2",251.1
TN,Sullivan,300.8,4.6,35.0,24.2,237.1,"2,295.0",358.7,"1,685.2",251.1
VA,Scott,300.8,4.6,35.0,24.2,237.1,"2,295.0",358.7,"1,685.2",251.1
VA,Bristol City,300.8,4.6,35.0,24.2,237.1,"2,295.0",358.7,"1,685.2",251.1
NY,Ulster,150.2,2.3,42.3,12.4,93.1,"1,090.6",142.8,905.4,42.3
TN,Anderson,353.7,4.0,42.7,37.2,269.8,"2,126.6",350.5,"1,513.9",262.3
TN,Blount,353.7,4.0,42.7,37.2,269.8,"2,126.6",350.5,"1,513.9",262.3
TN,Campbell,353.7,4.0,42.7,37.2,269.8,"2,126.6",350.5,"1,513.9",262.3
TN,Knox,353.7,4.0,42.7,37.2,269.8,"2,126.6",350.5,"1,513.9",262.3
TN,Loudon,353.7,4.0,42.7,37.2,269.8,"2,126.6",350.5,"1,513.9",262.3
TN,Morgan,353.7,4.0,42.7,37.2,269.8,"2,126.6",350.5,"1,513.9",262.3
TN,Roane,353.7,4.0,42.7,37.2,269.8,"2,126.6",350.5,"1,513.9",262.3
TN,Union,353.7,4.0,42.7,37.2,269.8,"2,126.6",350.5,"1,513.9",262.3
IN,Howard,555.3,6.1,37.6,65.5,446.2,"2,001.7",418.3,"1,446.4",137.0
MN,Houston,123.4,1.5,22.6,20.4,78.8,"2,058.4",246.0,"1,745.3",67.2
WI,La Crosse,123.4,1.5,22.6,20.4,78.8,"2,058.4",246.0,"1,745.3",67.2
LA,Acadia,466.5,7.8,25.3,68.5,365.0,"2,882.9",619.4,"2,093.7",169.8
LA,Iberia,466.5,7.8,25.3,68.5,365.0,"2,882.9",619.4,"2,093.7",169.8
LA,Lafayette,466.5,7.8,25.3,68.5,365.0,"2,882.9",619.4,"2,093.7",169.8
LA,St. Martin,466.5,7.8,25.3,68.5,365.0,"2,882.9",619.4,"2,093.7",169.8
LA,Vermilion,466.5,7.8,25.3,68.5,365.0,"2,882.9",619.4,"2,093.7",169.8
IN,Benton,223.0,3.4,31.3,33.5,154.8,"1,698.6",278.4,"1,312.1",108.1
IN,Carroll,223.0,3.4,31.3,33.5,154.8,"1,698.6",278.4,"1,312.1",108.1
IN,Tippecanoe,223.0,3.4,31.3,33.5,154.8,"1,698.6",278.4,"1,312.1",108.1
IN,Warren,223.0,3.4,31.3,33.5,154.8,"1,698.6",278.4,"1,312.1",108.1
LA,Calcasieu,547.7,9.0,69.0,61.9,407.8,"3,896.6","1,117.7","2,484.8",294.1
LA,Cameron,547.7,9.0,69.0,61.9,407.8,"3,896.6","1,117.7","2,484.8",294.1
AZ,Mohave,230.0,2.8,32.7,29.9,164.6,"2,638.8",555.4,"1,843.4",240.0
FL,Polk,277.5,3.2,23.1,41.8,209.3,"1,644.9",271.5,"1,242.9",130.5
MI,Clinton,429.9,3.5,88.8,48.7,288.9,,,"1,205.3",156.9
MI,Eaton,429.9,3.5,88.8,48.7,288.9,,,"1,205.3",156.9
MI,Ingham,429.9,3.5,88.8,48.7,288.9,,,"1,205.3",156.9
MI,Shiawassee,429.9,3.5,88.8,48.7,288.9,,,"1,205.3",156.9
TX,Webb,321.9,2.2,39.7,60.6,219.5,"1,815.9",281.9,"1,417.5",116.4
NM,Dona,556.9,5.5,56.8,31.6,462.9,"2,314.1",490.4,"1,626.2",197.5
NM,Ana,556.9,5.5,56.8,31.6,462.9,"2,314.1",490.4,"1,626.2",197.5
NV,Clark,525.7,4.9,73.2,123.7,324.0,"2,564.1",572.8,"1,592.2",399.1
OK,Comanche,716.4,12.8,83.9,76.7,543.1,"2,666.0",806.7,"1,610.2",249.2
OK,Cotton,716.4,12.8,83.9,76.7,543.1,"2,666.0",806.7,"1,610.2",249.2
PA,Lebanon,166.8,0.7,24.6,15.5,126.0,"1,184.4",135.1,"1,016.9",32.4
ID,Nez Perce,138.9,1.6,47.3,9.5,80.5,"2,406.5",377.2,"1,904.7",124.7
WA,Asotin,138.9,1.6,47.3,9.5,80.5,"2,406.5",377.2,"1,904.7",124.7
ME,Androscoggin,172.2,0.9,60.2,23.1,87.9,"1,346.0",202.7,"1,083.1",60.2
KY,Bourbon,230.6,5.2,45.2,80.1,100.1,"2,718.5",414.3,"2,062.1",242.1
KY,Clark,230.6,5.2,45.2,80.1,100.1,"2,718.5",414.3,"2,062.1",242.1
KY,Fayette,230.6,5.2,45.2,80.1,100.1,"2,718.5",414.3,"2,062.1",242.1
KY,Jessamine,230.6,5.2,45.2,80.1,100.1,"2,718.5",414.3,"2,062.1",242.1
KY,Scott,230.6,5.2,45.2,80.1,100.1,"2,718.5",414.3,"2,062.1",242.1
KY,Woodford,230.6,5.2,45.2,80.1,100.1,"2,718.5",414.3,"2,062.1",242.1
OH,Allen,315.6,4.9,77.4,80.4,152.9,"2,430.8",546.9,"1,774.1",109.8
NE,Lancaster,346.8,1.5,106.4,49.2,189.7,"2,496.9",309.2,"2,043.0",144.7
NE,Seward,346.8,1.5,106.4,49.2,189.7,"2,496.9",309.2,"2,043.0",144.7
AR,Faulkner,782.3,10.1,72.6,92.6,607.0,,,,347.8
AR,Grant,782.3,10.1,72.6,92.6,607.0,,,,347.8
AR,Lonoke,782.3,10.1,72.6,92.6,607.0,,,,347.8
AR,Perry,782.3,10.1,72.6,92.6,607.0,,,,347.8
AR,Pulaski,782.3,10.1,72.6,92.6,607.0,,,,347.8
AR,Saline4,782.3,10.1,72.6,92.6,607.0,,,,347.8
ID,Franklin,128.4,4.2,52.6,4.9,66.7,921.4,136.8,711.6,73.0
UT,Cache,128.4,4.2,52.6,4.9,66.7,921.4,136.8,711.6,73.0
TX,Gregg,324.1,7.0,44.9,39.6,232.6,,478.8,,185.9
TX,Harrison,324.1,7.0,44.9,39.6,232.6,,478.8,,185.9
TX,Rusk,324.1,7.0,44.9,39.6,232.6,,478.8,,185.9
TX,Upshur,324.1,7.0,44.9,39.6,232.6,,478.8,,185.9
WA,Cowlitz,194.6,4.6,64.9,23.8,101.4,"1,876.4",313.3,"1,389.5",173.6
CA,Anaheim-Santa,477.5,4.3,38.2,157.3,277.7,"2,140.7",351.4,"1,456.0",333.4
CA,Ana-Irvine,477.5,4.3,38.2,157.3,277.7,"2,140.7",351.4,"1,456.0",333.4
CA,Los,477.5,4.3,38.2,157.3,277.7,"2,140.7",351.4,"1,456.0",333.4
CA,Angeles-Long,477.5,4.3,38.2,157.3,277.7,"2,140.7",351.4,"1,456.0",333.4
CA,Beach-Glendale,477.5,4.3,38.2,157.3,277.7,"2,140.7",351.4,"1,456.0",333.4
Unknown,Orange,213.7,1.8,28.1,69.4,114.3,"1,860.8",268.1,"1,381.9",210.7
Unknown,Los,560.9,5.1,41.5,185.0,329.4,"2,229.3",377.7,"1,479.4",372.2
Unknown,Angeles,560.9,5.1,41.5,185.0,329.4,"2,229.3",377.7,"1,479.4",372.2
IN,Clark,436.8,8.3,26.0,93.8,308.7,"2,864.0",447.9,"2,011.8",404.3
IN,Floyd,436.8,8.3,26.0,93.8,308.7,"2,864.0",447.9,"2,011.8",404.3
IN,Harrison,436.8,8.3,26.0,93.8,308.7,"2,864.0",447.9,"2,011.8",404.3
IN,Washington,436.8,8.3,26.0,93.8,308.7,"2,864.0",447.9,"2,011.8",404.3
KY,Bullitt,436.8,8.3,26.0,93.8,308.7,"2,864.0",447.9,"2,011.8",404.3
KY,Henry,436.8,8.3,26.0,93.8,308.7,"2,864.0",447.9,"2,011.8",404.3
KY,Jefferson,436.8,8.3,26.0,93.8,308.7,"2,864.0",447.9,"2,011.8",404.3
KY,Oldham,436.8,8.3,26.0,93.8,308.7,"2,864.0",447.9,"2,011.8",404.3
KY,Shelby,436.8,8.3,26.0,93.8,308.7,"2,864.0",447.9,"2,011.8",404.3
KY,Spencer,436.8,8.3,26.0,93.8,308.7,"2,864.0",447.9,"2,011.8",404.3
TX,Crosby,838.5,3.4,88.9,147.2,598.9,"4,036.8",813.9,"2,807.8",415.2
TX,Lubbock,838.5,3.4,88.9,147.2,598.9,"4,036.8",813.9,"2,807.8",415.2
TX,Lynn3,838.5,3.4,88.9,147.2,598.9,"4,036.8",813.9,"2,807.8",415.2
VA,Amherst,230.6,3.8,30.4,30.4,166.0,"1,456.0",205.6,"1,143.7",106.8
VA,Appomattox,230.6,3.8,30.4,30.4,166.0,"1,456.0",205.6,"1,143.7",106.8
VA,Bedford,230.6,3.8,30.4,30.4,166.0,"1,456.0",205.6,"1,143.7",106.8
VA,Campbell,230.6,3.8,30.4,30.4,166.0,"1,456.0",205.6,"1,143.7",106.8
VA,Lynchburg,230.6,3.8,30.4,30.4,166.0,"1,456.0",205.6,"1,143.7",106.8
GA,Bibb,454.6,9.2,24.4,130.0,291.0,"3,460.4",717.7,"2,438.6",304.1
GA,Crawford,454.6,9.2,24.4,130.0,291.0,"3,460.4",717.7,"2,438.6",304.1
GA,Jones,454.6,9.2,24.4,130.0,291.0,"3,460.4",717.7,"2,438.6",304.1
GA,Monroe,454.6,9.2,24.4,130.0,291.0,"3,460.4",717.7,"2,438.6",304.1
GA,Twiggs,454.6,9.2,24.4,130.0,291.0,"3,460.4",717.7,"2,438.6",304.1
CA,Madera,528.0,1.9,43.3,59.8,423.1,"1,713.2",433.9,"1,014.7",264.6
WI,Columbia,217.8,1.2,31.0,43.6,141.9,"1,714.7",259.9,"1,321.5",133.2
WI,Dane,217.8,1.2,31.0,43.6,141.9,"1,714.7",259.9,"1,321.5",133.2
WI,Green,217.8,1.2,31.0,43.6,141.9,"1,714.7",259.9,"1,321.5",133.2
WI,Iowa,217.8,1.2,31.0,43.6,141.9,"1,714.7",259.9,"1,321.5",133.2
NH,Hillsborough,229.8,2.6,45.6,40.8,140.7,"1,304.9",131.1,"1,109.5",64.3
KS,Geary,430.9,3.1,51.3,31.4,345.2,,,"1,301.8",130.1
KS,Pottawatomie,430.9,3.1,51.3,31.4,345.2,,,"1,301.8",130.1
KS,Riley4,430.9,3.1,51.3,31.4,345.2,,,"1,301.8",130.1
MN,Blue,178.3,0.0,56.8,14.7,106.8,"1,898.8",261.6,"1,547.1",90.1
MN,Earth,178.3,0.0,56.8,14.7,106.8,"1,898.8",261.6,"1,547.1",90.1
MN,Nicollet,178.3,0.0,56.8,14.7,106.8,"1,898.8",261.6,"1,547.1",90.1
OH,Richland,229.0,3.3,75.5,39.0,111.2,"2,746.0",516.2,"2,130.3",99.6
TX,Hidalgo,268.9,2.2,50.0,38.7,178.1,"2,211.7",290.5,"1,830.8",90.4
AR,Crittenden,"1,120.5",17.6,52.5,207.1,843.3,"4,053.4",769.0,"2,863.0",421.5
AR,County,"1,120.5",17.6,52.5,207.1,843.3,"4,053.4",769.0,"2,863.0",421.5
MS,DeSoto,"1,120.5",17.6,52.5,207.1,843.3,"4,053.4",769.0,"2,863.0",421.5
MS,Marshall,"1,120.5",17.6,52.5,207.1,843.3,"4,053.4",769.0,"2,863.0",421.5
MS,Tate,"1,120.5",17.6,52.5,207.1,843.3,"4,053.4",769.0,"2,863.0",421.5
MS,Tunica2,"1,120.5",17.6,52.5,207.1,843.3,"4,053.4",769.0,"2,863.0",421.5
TN,Fayette,"1,120.5",17.6,52.5,207.1,843.3,"4,053.4",769.0,"2,863.0",421.5
TN,Shelby,"1,120.5",17.6,52.5,207.1,843.3,"4,053.4",769.0,"2,863.0",421.5
TN,Tipton,"1,120.5",17.6,52.5,207.1,843.3,"4,053.4",769.0,"2,863.0",421.5
CA,Merced,553.2,4.4,29.8,73.5,445.5,"2,510.5",516.1,"1,488.1",506.2
FL,Fort,422.0,6.4,35.4,114.0,266.2,"2,686.2",271.2,"2,166.4",248.6
FL,Lauderdale-Pompano,422.0,6.4,35.4,114.0,266.2,"2,686.2",271.2,"2,166.4",248.6
FL,Beach-Sunrise,422.0,6.4,35.4,114.0,266.2,"2,686.2",271.2,"2,166.4",248.6
FL,Miami-Miami,422.0,6.4,35.4,114.0,266.2,"2,686.2",271.2,"2,166.4",248.6
FL,Beach-Kendall,422.0,6.4,35.4,114.0,266.2,"2,686.2",271.2,"2,166.4",248.6
FL,West,422.0,6.4,35.4,114.0,266.2,"2,686.2",271.2,"2,166.4",248.6
FL,Palm,422.0,6.4,35.4,114.0,266.2,"2,686.2",271.2,"2,166.4",248.6
FL,Beach-Boca,422.0,6.4,35.4,114.0,266.2,"2,686.2",271.2,"2,166.4",248.6
FL,Raton-Boynton,422.0,6.4,35.4,114.0,266.2,"2,686.2",271.2,"2,166.4",248.6
FL,Beach,422.0,6.4,35.4,114.0,266.2,"2,686.2",271.2,"2,166.4",248.6
Unknown,Broward,373.4,5.6,35.2,108.7,223.9,"2,547.9",279.2,"2,006.7",262.0
Unknown,Miami-Dade,480.7,7.3,34.4,131.5,307.5,"3,082.5",286.0,"2,520.6",275.9
Unknown,Palm,377.0,5.8,37.5,88.5,245.3,"2,133.1",233.4,"1,719.3",180.5
Unknown,Beach,377.0,5.8,37.5,88.5,245.3,"2,133.1",233.4,"1,719.3",180.5
MI,Midland,142.3,1.2,69.9,4.8,66.3,795.7,110.9,657.1,27.7
WI,Milwaukee,577.9,7.0,40.0,136.4,394.4,"1,923.9",305.7,"1,353.9",264.3
WI,Ozaukee,577.9,7.0,40.0,136.4,394.4,"1,923.9",305.7,"1,353.9",264.3
WI,Washington,577.9,7.0,40.0,136.4,394.4,"1,923.9",305.7,"1,353.9",264.3
WI,Waukesha,577.9,7.0,40.0,136.4,394.4,"1,923.9",305.7,"1,353.9",264.3
MN,Anoka,272.5,2.7,44.7,78.3,146.9,"2,332.8",303.6,"1,782.3",246.9
MN,Carver,272.5,2.7,44.7,78.3,146.9,"2,332.8",303.6,"1,782.3",246.9
MN,Chisago,272.5,2.7,44.7,78.3,146.9,"2,332.8",303.6,"1,782.3",246.9
MN,Dakota,272.5,2.7,44.7,78.3,146.9,"2,332.8",303.6,"1,782.3",246.9
MN,Hennepin,272.5,2.7,44.7,78.3,146.9,"2,332.8",303.6,"1,782.3",246.9
MN,Isanti,272.5,2.7,44.7,78.3,146.9,"2,332.8",303.6,"1,782.3",246.9
MN,Le Sueur,272.5,2.7,44.7,78.3,146.9,"2,332.8",303.6,"1,782.3",246.9
MN,Mille Lacs,272.5,2.7,44.7,78.3,146.9,"2,332.8",303.6,"1,782.3",246.9
MN,Ramsey,272.5,2.7,44.7,78.3,146.9,"2,332.8",303.6,"1,782.3",246.9
MN,Scott,272.5,2.7,44.7,78.3,146.9,"2,332.8",303.6,"1,782.3",246.9
MN,Sherburne,272.5,2.7,44.7,78.3,146.9,"2,332.8",303.6,"1,782.3",246.9
MN,Washington,272.5,2.7,44.7,78.3,146.9,"2,332.8",303.6,"1,782.3",246.9
WI,Pierce,272.5,2.7,44.7,78.3,146.9,"2,332.8",303.6,"1,782.3",246.9
WI,St. Croix,272.5,2.7,44.7,78.3,146.9,"2,332.8",303.6,"1,782.3",246.9
MT,Missoula,349.3,2.5,73.5,23.4,249.9,"2,803.9",342.7,"2,289.9",171.3
CA,Stanislaus,529.1,4.5,30.9,131.7,361.9,"2,597.0",478.1,"1,665.7",453.2
LA,Morehouse,812.5,11.5,50.8,126.0,624.2,"4,161.1",948.0,"2,963.1",250.1
LA,Ouachita,812.5,11.5,50.8,126.0,624.2,"4,161.1",948.0,"2,963.1",250.1
LA,Union,812.5,11.5,50.8,126.0,624.2,"4,161.1",948.0,"2,963.1",250.1
WV,Monongalia,204.4,0.7,32.6,11.4,159.7,"1,321.3",262.6,967.2,91.5
WV,Preston,204.4,0.7,32.6,11.4,159.7,"1,321.3",262.6,967.2,91.5
TN,Grainger,387.6,2.8,33.0,20.4,331.5,"2,049.9",355.3,"1,484.6",210.0
TN,Hamblen,387.6,2.8,33.0,20.4,331.5,"2,049.9",355.3,"1,484.6",210.0
TN,Jefferson,387.6,2.8,33.0,20.4,331.5,"2,049.9",355.3,"1,484.6",210.0
WA,Skagit,155.5,1.5,31.0,32.5,90.5,"2,459.1",391.5,"1,882.6",184.9
MI,Muskegon,453.4,9.8,73.3,59.4,310.9,,,"1,980.8",152.3
NC,Brunswick,357.5,4.4,55.3,48.6,249.2,"3,011.3",459.0,"2,328.6",223.7
SC,Horry,357.5,4.4,55.3,48.6,249.2,"3,011.3",459.0,"2,328.6",223.7
CA,Napa,543.4,0.7,64.9,50.5,427.2,"1,560.2",285.1,"1,138.8",136.4
FL,Collier,233.7,2.3,33.1,38.3,159.9,"1,123.7",122.3,920.8,80.6
TN,Cannon,570.5,6.1,41.4,119.1,403.9,"2,449.5",303.6,"1,915.5",230.4
TN,Cheatham,570.5,6.1,41.4,119.1,403.9,"2,449.5",303.6,"1,915.5",230.4
TN,Davidson,570.5,6.1,41.4,119.1,403.9,"2,449.5",303.6,"1,915.5",230.4
TN,Dickson,570.5,6.1,41.4,119.1,403.9,"2,449.5",303.6,"1,915.5",230.4
TN,Macon,570.5,6.1,41.4,119.1,403.9,"2,449.5",303.6,"1,915.5",230.4
TN,Maury,570.5,6.1,41.4,119.1,403.9,"2,449.5",303.6,"1,915.5",230.4
TN,Robertson,570.5,6.1,41.4,119.1,403.9,"2,449.5",303.6,"1,915.5",230.4
TN,Rutherford,570.5,6.1,41.4,119.1,403.9,"2,449.5",303.6,"1,915.5",230.4
TN,Smith,570.5,6.1,41.4,119.1,403.9,"2,449.5",303.6,"1,915.5",230.4
TN,Sumner,570.5,6.1,41.4,119.1,403.9,"2,449.5",303.6,"1,915.5",230.4
TN,Trousdale,570.5,6.1,41.4,119.1,403.9,"2,449.5",303.6,"1,915.5",230.4
TN,Williamson,570.5,6.1,41.4,119.1,403.9,"2,449.5",303.6,"1,915.5",230.4
TN,Wilson,570.5,6.1,41.4,119.1,403.9,"2,449.5",303.6,"1,915.5",230.4
NC,Craven,284.3,3.2,25.6,33.6,221.8,"2,365.5",705.5,"1,536.7",123.3
NC,Jones,284.3,3.2,25.6,33.6,221.8,"2,365.5",705.5,"1,536.7",123.3
NC,Pamlico,284.3,3.2,25.6,33.6,221.8,"2,365.5",705.5,"1,536.7",123.3
CT,New Haven,272.8,3.5,25.9,80.1,163.2,"2,110.6",255.0,"1,586.2",269.5
LA,Jefferson,551.5,15.9,76.6,109.8,349.1,"3,149.9",369.1,"2,459.9",320.9
LA,Orleans,551.5,15.9,76.6,109.8,349.1,"3,149.9",369.1,"2,459.9",320.9
LA,Plaquemines,551.5,15.9,76.6,109.8,349.1,"3,149.9",369.1,"2,459.9",320.9
LA,St. Bernard,551.5,15.9,76.6,109.8,349.1,"3,149.9",369.1,"2,459.9",320.9
LA,St. Charles,551.5,15.9,76.6,109.8,349.1,"3,149.9",369.1,"2,459.9",320.9
LA,St. James,551.5,15.9,76.6,109.8,349.1,"3,149.9",369.1,"2,459.9",320.9
LA,St. John,551.5,15.9,76.6,109.8,349.1,"3,149.9",369.1,"2,459.9",320.9
LA,Baptist,551.5,15.9,76.6,109.8,349.1,"3,149.9",369.1,"2,459.9",320.9
LA,St. Tammany,551.5,15.9,76.6,109.8,349.1,"3,149.9",369.1,"2,459.9",320.9
MI,Berrien,550.7,3.3,109.5,51.5,386.5,"2,176.9",327.8,"1,655.5",193.6
FL,Manatee,328.4,3.1,34.4,45.7,245.3,"1,674.0",225.1,"1,348.0",100.9
FL,Sarasota,328.4,3.1,34.4,45.7,245.3,"1,674.0",225.1,"1,348.0",100.9
CT,New London,193.8,1.7,46.9,33.7,111.5,"1,327.8",193.3,"1,049.3",85.2
FL,Marion,430.9,8.6,62.9,58.4,301.0,"1,894.4",331.7,"1,369.9",192.7
NJ,Cape May,175.8,0.0,26.2,25.1,124.5,"2,084.6",317.8,"1,717.7",49.1
TX,Ector,881.8,10.3,92.4,89.3,689.8,"3,163.2",429.7,"2,212.8",520.8
UT,Box Elder,170.7,1.3,52.8,17.8,98.8,,,"1,273.2",144.0
UT,Davis,170.7,1.3,52.8,17.8,98.8,,,"1,273.2",144.0
UT,Morgan,170.7,1.3,52.8,17.8,98.8,,,"1,273.2",144.0
UT,Weber,170.7,1.3,52.8,17.8,98.8,,,"1,273.2",144.0
OK,Canadian,461.0,7.7,62.8,80.3,310.3,"3,069.9",678.7,"1,997.6",393.6
OK,Cleveland,461.0,7.7,62.8,80.3,310.3,"3,069.9",678.7,"1,997.6",393.6
OK,Grady,461.0,7.7,62.8,80.3,310.3,"3,069.9",678.7,"1,997.6",393.6
OK,Lincoln,461.0,7.7,62.8,80.3,310.3,"3,069.9",678.7,"1,997.6",393.6
OK,Logan,461.0,7.7,62.8,80.3,310.3,"3,069.9",678.7,"1,997.6",393.6
OK,McClain,461.0,7.7,62.8,80.3,310.3,"3,069.9",678.7,"1,997.6",393.6
OK,Oklahoma,461.0,7.7,62.8,80.3,310.3,"3,069.9",678.7,"1,997.6",393.6
WA,Thurston,246.7,1.7,34.2,44.5,166.3,"2,071.6",382.2,"1,474.4",214.9
IA,Harrison,413.1,3.6,62.0,66.4,281.1,"2,646.6",294.5,"1,908.8",443.3
IA,Mills,413.1,3.6,62.0,66.4,281.1,"2,646.6",294.5,"1,908.8",443.3
IA,Pottawattamie,413.1,3.6,62.0,66.4,281.1,"2,646.6",294.5,"1,908.8",443.3
NE,Cass,413.1,3.6,62.0,66.4,281.1,"2,646.6",294.5,"1,908.8",443.3
NE,Douglas,413.1,3.6,62.0,66.4,281.1,"2,646.6",294.5,"1,908.8",443.3
NE,Sarpy,413.1,3.6,62.0,66.4,281.1,"2,646.6",294.5,"1,908.8",443.3
NE,Saunders,413.1,3.6,62.0,66.4,281.1,"2,646.6",294.5,"1,908.8",443.3
NE,Washington,413.1,3.6,62.0,66.4,281.1,"2,646.6",294.5,"1,908.8",443.3
FL,Lake,429.9,4.6,45.1,87.9,292.4,"2,400.0",359.1,"1,831.9",209.0
FL,Orange,429.9,4.6,45.1,87.9,292.4,"2,400.0",359.1,"1,831.9",209.0
FL,Osceola,429.9,4.6,45.1,87.9,292.4,"2,400.0",359.1,"1,831.9",209.0
FL,Seminole,429.9,4.6,45.1,87.9,292.4,"2,400.0",359.1,"1,831.9",209.0
WI,Winnebago,197.3,0.6,50.2,12.3,134.3,"1,172.2",197.9,912.4,61.9
KY,Daviess,133.4,6.7,34.4,28.5,63.7,"2,429.2",411.0,"1,805.1",213.1
KY,Hancock,133.4,6.7,34.4,28.5,63.7,"2,429.2",411.0,"1,805.1",213.1
KY,McLean,133.4,6.7,34.4,28.5,63.7,"2,429.2",411.0,"1,805.1",213.1
CA,Ventura,216.0,2.8,27.4,62.2,123.6,"1,491.5",229.7,"1,116.1",145.7
FL,Brevard,371.0,3.8,43.7,55.4,268.1,"2,046.5",336.8,"1,555.0",154.8
FL,Bay,443.9,4.3,48.9,55.4,335.4,"3,067.2",589.6,"2,224.5",253.1
FL,Escambia,409.7,6.4,49.7,71.4,282.2,"2,177.7",440.3,"1,581.4",156.1
FL,Santa Rosa,409.7,6.4,49.7,71.4,282.2,"2,177.7",440.3,"1,581.4",156.1
IL,Fulton,451.9,7.5,49.5,78.0,316.9,"1,934.5",381.2,"1,383.1",170.3
IL,Marshall,451.9,7.5,49.5,78.0,316.9,"1,934.5",381.2,"1,383.1",170.3
IL,Peoria,451.9,7.5,49.5,78.0,316.9,"1,934.5",381.2,"1,383.1",170.3
IL,Stark,451.9,7.5,49.5,78.0,316.9,"1,934.5",381.2,"1,383.1",170.3
IL,Tazewell,451.9,7.5,49.5,78.0,316.9,"1,934.5",381.2,"1,383.1",170.3
IL,Woodford,451.9,7.5,49.5,78.0,316.9,"1,934.5",381.2,"1,383.1",170.3
AZ,Maricopa,426.5,4.6,49.8,97.1,275.1,,,"1,804.9",251.9
AZ,Pinal,426.5,4.6,49.8,97.1,275.1,,,"1,804.9",251.9
AR,Cleveland,895.4,31.8,58.0,115.9,689.7,,,"2,186.2",418.2
AR,Jefferson,895.4,31.8,58.0,115.9,689.7,,,"2,186.2",418.2
AR,Lincoln,895.4,31.8,58.0,115.9,689.7,,,"2,186.2",418.2
MA,Berkshire,380.7,1.6,60.9,36.9,281.3,"1,386.5",360.6,965.7,60.1
ID,Bannock,299.4,1.0,43.8,15.6,238.9,"2,105.4",300.5,"1,683.9",121.0
ID,Power,299.4,1.0,43.8,15.6,238.9,"2,105.4",300.5,"1,683.9",121.0
ME,Cumberland,114.6,1.1,32.4,17.2,63.9,"1,256.5",155.0,"1,055.5",45.9
ME,Sagadahoc,114.6,1.1,32.4,17.2,63.9,"1,256.5",155.0,"1,055.5",45.9
ME,York,114.6,1.1,32.4,17.2,63.9,"1,256.5",155.0,"1,055.5",45.9
OR,Clackamas,302.6,2.4,50.2,66.7,183.3,"2,746.9",339.3,"1,968.5",439.1
OR,Columbia,302.6,2.4,50.2,66.7,183.3,"2,746.9",339.3,"1,968.5",439.1
OR,Multnomah,302.6,2.4,50.2,66.7,183.3,"2,746.9",339.3,"1,968.5",439.1
OR,Washington,302.6,2.4,50.2,66.7,183.3,"2,746.9",339.3,"1,968.5",439.1
WA,Yamhill,302.6,2.4,50.2,66.7,183.3,"2,746.9",339.3,"1,968.5",439.1
WA,Clark,302.6,2.4,50.2,66.7,183.3,"2,746.9",339.3,"1,968.5",439.1
WA,Skamania,302.6,2.4,50.2,66.7,183.3,"2,746.9",339.3,"1,968.5",439.1
FL,Martin,238.8,4.9,41.1,39.9,152.8,"1,271.9",157.1,"1,026.6",88.2
FL,St. Lucie,238.8,4.9,41.1,39.9,152.8,"1,271.9",157.1,"1,026.6",88.2
NY,Dutchess,191.2,2.4,36.6,34.9,117.3,"1,106.7",103.5,968.3,34.9
NY,Orange,191.2,2.4,36.6,34.9,117.3,"1,106.7",103.5,968.3,34.9
AZ,Yavapai,277.1,3.8,14.9,11.9,246.5,"1,338.0",221.4,"1,027.3",89.4
MA,Bristol,282.6,2.3,44.8,48.1,187.3,"1,409.9",225.0,"1,071.9",113.0
RI,County,282.6,2.3,44.8,48.1,187.3,"1,409.9",225.0,"1,071.9",113.0
RI,Bristol,282.6,2.3,44.8,48.1,187.3,"1,409.9",225.0,"1,071.9",113.0
RI,Kent,282.6,2.3,44.8,48.1,187.3,"1,409.9",225.0,"1,071.9",113.0
RI,Newport,282.6,2.3,44.8,48.1,187.3,"1,409.9",225.0,"1,071.9",113.0
RI,Providence,282.6,2.3,44.8,48.1,187.3,"1,409.9",225.0,"1,071.9",113.0
RI,Washington,282.6,2.3,44.8,48.1,187.3,"1,409.9",225.0,"1,071.9",113.0
UT,Juab,90.2,1.1,31.6,7.9,49.6,"1,278.2",132.9,"1,061.8",83.5
UT,Utah,90.2,1.1,31.6,7.9,49.6,"1,278.2",132.9,"1,061.8",83.5
CO,Pueblo,,4.2,65.5,,309.2,"3,490.7",641.7,"2,340.2",508.8
FL,Charlotte,196.2,1.1,21.9,10.7,162.5,"1,130.1",145.9,913.1,71.1
WI,Racine,318.1,0.5,39.2,66.7,211.7,"1,425.5",277.9,"1,052.0",95.7
NC,Franklin,172.6,1.7,21.5,37.4,112.0,"1,397.7",223.8,"1,071.2",102.7
NC,Johnston,172.6,1.7,21.5,37.4,112.0,"1,397.7",223.8,"1,071.2",102.7
NC,Wake,172.6,1.7,21.5,37.4,112.0,"1,397.7",223.8,"1,071.2",102.7
SD,Meade,532.2,3.6,129.3,49.0,350.3,"2,403.0",492.4,"1,621.4",289.2
SD,Pennington,532.2,3.6,129.3,49.0,350.3,"2,403.0",492.4,"1,621.4",289.2
NV,Storey,469.0,3.2,63.1,86.8,315.9,"1,867.2",327.1,"1,187.2",352.9
NV,Washoe3,469.0,3.2,63.1,86.8,315.9,"1,867.2",327.1,"1,187.2",352.9
VA,Amelia,227.7,8.3,26.7,60.3,132.4,"2,161.2",216.6,"1,781.7",162.9
VA,Charles,227.7,8.3,26.7,60.3,132.4,"2,161.2",216.6,"1,781.7",162.9
VA,Chesterfield,227.7,8.3,26.7,60.3,132.4,"2,161.2",216.6,"1,781.7",162.9
VA,Dinwiddie,227.7,8.3,26.7,60.3,132.4,"2,161.2",216.6,"1,781.7",162.9
VA,Goochland,227.7,8.3,26.7,60.3,132.4,"2,161.2",216.6,"1,781.7",162.9
VA,Hanover,227.7,8.3,26.7,60.3,132.4,"2,161.2",216.6,"1,781.7",162.9
VA,Henrico,227.7,8.3,26.7,60.3,132.4,"2,161.2",216.6,"1,781.7",162.9
VA,King,227.7,8.3,26.7,60.3,132.4,"2,161.2",216.6,"1,781.7",162.9
VA,Queen,227.7,8.3,26.7,60.3,132.4,"2,161.2",216.6,"1,781.7",162.9
VA,King,227.7,8.3,26.7,60.3,132.4,"2,161.2",216.6,"1,781.7",162.9
VA,William,227.7,8.3,26.7,60.3,132.4,"2,161.2",216.6,"1,781.7",162.9
VA,New Kent,227.7,8.3,26.7,60.3,132.4,"2,161.2",216.6,"1,781.7",162.9
VA,Powhatan,227.7,8.3,26.7,60.3,132.4,"2,161.2",216.6,"1,781.7",162.9
VA,Prince,227.7,8.3,26.7,60.3,132.4,"2,161.2",216.6,"1,781.7",162.9
VA,George,227.7,8.3,26.7,60.3,132.4,"2,161.2",216.6,"1,781.7",162.9
VA,Sussex,227.7,8.3,26.7,60.3,132.4,"2,161.2",216.6,"1,781.7",162.9
VA,Colonial,227.7,8.3,26.7,60.3,132.4,"2,161.2",216.6,"1,781.7",162.9
VA,Heights,227.7,8.3,26.7,60.3,132.4,"2,161.2",216.6,"1,781.7",162.9
VA,Hopewell,227.7,8.3,26.7,60.3,132.4,"2,161.2",216.6,"1,781.7",162.9
VA,Petersburg,227.7,8.3,26.7,60.3,132.4,"2,161.2",216.6,"1,781.7",162.9
VA,Richmond,227.7,8.3,26.7,60.3,132.4,"2,161.2",216.6,"1,781.7",162.9
CA,Riverside,425.9,5.7,29.9,113.4,276.9,"2,275.1",437.5,"1,420.4",417.2
CA,San Bernardino,425.9,5.7,29.9,113.4,276.9,"2,275.1",437.5,"1,420.4",417.2
VA,Botetourt,238.9,5.7,32.3,46.0,154.9,"2,391.4",283.3,"1,932.8",175.4
VA,Craig,238.9,5.7,32.3,46.0,154.9,"2,391.4",283.3,"1,932.8",175.4
VA,Franklin,238.9,5.7,32.3,46.0,154.9,"2,391.4",283.3,"1,932.8",175.4
VA,Roanoke,238.9,5.7,32.3,46.0,154.9,"2,391.4",283.3,"1,932.8",175.4
VA,Roanoke,238.9,5.7,32.3,46.0,154.9,"2,391.4",283.3,"1,932.8",175.4
VA,Salem,238.9,5.7,32.3,46.0,154.9,"2,391.4",283.3,"1,932.8",175.4
MN,Dodge,152.5,0.9,32.6,16.7,102.3,"1,272.8",184.6,"1,011.3",76.9
MN,Fillmore,152.5,0.9,32.6,16.7,102.3,"1,272.8",184.6,"1,011.3",76.9
MN,Olmsted,152.5,0.9,32.6,16.7,102.3,"1,272.8",184.6,"1,011.3",76.9
MN,Wabasha,152.5,0.9,32.6,16.7,102.3,"1,272.8",184.6,"1,011.3",76.9
NY,Livingston,248.7,3.6,43.7,57.0,144.4,"1,674.5",247.4,"1,326.7",100.4
NY,Monroe,248.7,3.6,43.7,57.0,144.4,"1,674.5",247.4,"1,326.7",100.4
NY,Ontario,248.7,3.6,43.7,57.0,144.4,"1,674.5",247.4,"1,326.7",100.4
NY,Orleans,248.7,3.6,43.7,57.0,144.4,"1,674.5",247.4,"1,326.7",100.4
NY,Wayne,248.7,3.6,43.7,57.0,144.4,"1,674.5",247.4,"1,326.7",100.4
NY,Yates,248.7,3.6,43.7,57.0,144.4,"1,674.5",247.4,"1,326.7",100.4
IL,Boone,634.5,6.0,67.2,94.1,467.2,"2,160.9",425.4,"1,572.0",163.4
IL,Winnebago,634.5,6.0,67.2,94.1,467.2,"2,160.9",425.4,"1,572.0",163.4
CA,El Dorado,354.1,4.1,27.5,102.0,220.5,"2,193.9",389.6,"1,520.5",283.8
CA,Placer,354.1,4.1,27.5,102.0,220.5,"2,193.9",389.6,"1,520.5",283.8
CA,Sacramento,354.1,4.1,27.5,102.0,220.5,"2,193.9",389.6,"1,520.5",283.8
CA,Yolo,354.1,4.1,27.5,102.0,220.5,"2,193.9",389.6,"1,520.5",283.8
MI,Saginaw,623.6,9.0,67.1,45.5,502.1,"1,443.3",305.5,"1,051.7",86.1
OR,Marion2,270.1,1.4,26.2,53.3,189.2,"2,769.0",333.9,"2,070.8",364.2
OR,Polk,270.1,1.4,26.2,53.3,189.2,"2,769.0",333.9,"2,070.8",364.2
CA,Monterey,329.9,3.5,32.0,84.7,209.7,"1,780.8",350.9,"1,050.3",379.6
DE,Sussex,331.5,1.2,30.0,46.7,253.6,"2,074.2",360.8,"1,649.6",63.9
MD,County,331.5,1.2,30.0,46.7,253.6,"2,074.2",360.8,"1,649.6",63.9
MD,Somerset,331.5,1.2,30.0,46.7,253.6,"2,074.2",360.8,"1,649.6",63.9
MD,Wicomico,331.5,1.2,30.0,46.7,253.6,"2,074.2",360.8,"1,649.6",63.9
MD,Worcester,331.5,1.2,30.0,46.7,253.6,"2,074.2",360.8,"1,649.6",63.9
UT,Salt Lake,366.7,3.0,71.3,72.8,219.5,"3,333.6",396.4,"2,569.6",367.6
UT,Tooele,366.7,3.0,71.3,72.8,219.5,"3,333.6",396.4,"2,569.6",367.6
TX,Irion,328.3,4.9,67.6,28.0,227.6,"2,879.3",500.6,"2,170.8",207.8
TX,Sterling,328.3,4.9,67.6,28.0,227.6,"2,879.3",500.6,"2,170.8",207.8
TX,Tom Green,328.3,4.9,67.6,28.0,227.6,"2,879.3",500.6,"2,170.8",207.8
TX,Atascosa,515.9,5.1,78.5,86.7,345.6,"3,280.7",434.8,"2,483.3",362.6
TX,Bandera,515.9,5.1,78.5,86.7,345.6,"3,280.7",434.8,"2,483.3",362.6
TX,Bexar,515.9,5.1,78.5,86.7,345.6,"3,280.7",434.8,"2,483.3",362.6
TX,Comal,515.9,5.1,78.5,86.7,345.6,"3,280.7",434.8,"2,483.3",362.6
TX,Guadalupe,515.9,5.1,78.5,86.7,345.6,"3,280.7",434.8,"2,483.3",362.6
TX,Kendall,515.9,5.1,78.5,86.7,345.6,"3,280.7",434.8,"2,483.3",362.6
TX,Medina,515.9,5.1,78.5,86.7,345.6,"3,280.7",434.8,"2,483.3",362.6
TX,Wilson3,515.9,5.1,78.5,86.7,345.6,"3,280.7",434.8,"2,483.3",362.6
CA,San Diego,341.2,2.6,33.1,86.4,219.1,"1,650.9",230.0,"1,131.6",289.3
CA,Oakland-Berkeley-Livermore,470.8,4.2,36.2,217.4,212.9,"3,523.6",379.8,"2,698.7",445.0
CA,San Francisco-San,470.8,4.2,36.2,217.4,212.9,"3,523.6",379.8,"2,698.7",445.0
CA,Mateo-Redwood,470.8,4.2,36.2,217.4,212.9,"3,523.6",379.8,"2,698.7",445.0
CA,San Rafael,470.8,4.2,36.2,217.4,212.9,"3,523.6",379.8,"2,698.7",445.0
CA,Alameda,490.9,5.3,36.2,227.7,221.7,"3,371.7",357.2,"2,488.4",526.0
CA,Contra Costa,490.9,5.3,36.2,227.7,221.7,"3,371.7",357.2,"2,488.4",526.0
CA,San Francisco,479.0,3.0,39.4,225.0,211.5,"4,003.9",417.2,"3,236.0",350.7
CA,San Mateo,479.0,3.0,39.4,225.0,211.5,"4,003.9",417.2,"3,236.0",350.7
CA,Marin,199.7,0.4,17.0,56.1,126.2,"2,107.0",387.5,"1,556.9",162.6
CA,San Benito,325.0,2.3,46.9,93.1,182.6,"2,400.6",345.7,"1,646.7",408.3
CA,Santa Clara,325.0,2.3,46.9,93.1,182.6,"2,400.6",345.7,"1,646.7",408.3
CA,San Luis,222.3,1.8,33.5,27.2,159.8,"1,806.1",351.1,"1,340.7",114.3
CA,Obispo,222.3,1.8,33.5,27.2,159.8,"1,806.1",351.1,"1,340.7",114.3
CA,Santa Cruz,404.6,2.2,50.1,66.6,285.7,"2,562.6",380.1,"1,879.6",302.9
CA,Sonoma,405.1,1.8,55.7,48.8,298.8,"1,358.4",246.8,997.9,113.7
PA,Lackawanna,401.0,1.3,28.9,37.9,332.9,"1,259.6",204.6,991.2,63.8
PA,Luzerne,401.0,1.3,28.9,37.9,332.9,"1,259.6",204.6,991.2,63.8
PA,Wyoming,401.0,1.3,28.9,37.9,332.9,"1,259.6",204.6,991.2,63.8
FL,Indian River,221.6,3.8,22.7,19.5,175.6,"1,318.9",156.1,"1,075.3",87.5
FL,Highlands,265.3,10.4,28.4,55.0,171.5,"2,218.0",517.3,"1,619.2",81.5
WI,Sheboygan,179.5,0.0,51.2,9.5,118.8,"1,103.2",108.4,956.6,38.2
TX,Grayson,253.6,3.7,52.6,29.7,167.6,"1,626.9",370.8,"1,094.5",161.7
LA,Bossier,563.2,10.4,50.9,93.9,408.1,"3,538.4",608.3,"2,645.6",284.5
LA,Caddo,563.2,10.4,50.9,93.9,408.1,"3,538.4",608.3,"2,645.6",284.5
LA,De Soto Parishes,563.2,10.4,50.9,93.9,408.1,"3,538.4",608.3,"2,645.6",284.5
AZ,Cochise,217.9,2.4,11.9,21.4,182.2,"2,161.9",431.7,"1,574.9",155.3
IA,Woodbury,315.6,1.4,40.5,42.6,231.1,"2,801.7",569.7,"2,004.4",227.6
NE,Dakota,315.6,1.4,40.5,42.6,231.1,"2,801.7",569.7,"2,004.4",227.6
NE,Dixon,315.6,1.4,40.5,42.6,231.1,"2,801.7",569.7,"2,004.4",227.6
SD,Union,315.6,1.4,40.5,42.6,231.1,"2,801.7",569.7,"2,004.4",227.6
SD,Lincoln,388.1,1.9,56.2,26.4,303.7,"2,427.1",369.5,"1,775.9",281.7
SD,McCook,388.1,1.9,56.2,26.4,303.7,"2,427.1",369.5,"1,775.9",281.7
SD,Minnehaha,388.1,1.9,56.2,26.4,303.7,"2,427.1",369.5,"1,775.9",281.7
SD,Turner,388.1,1.9,56.2,26.4,303.7,"2,427.1",369.5,"1,775.9",281.7
SC,Spartanburg,503.0,7.2,32.7,55.0,408.0,"2,745.7",610.5,"1,876.3",258.9
SC,Union,503.0,7.2,32.7,55.0,408.0,"2,745.7",610.5,"1,876.3",258.9
WA,Spokane,381.0,2.3,62.4,76.1,240.2,"3,846.2",543.9,"2,949.7",352.7
WA,Stevens,381.0,2.3,62.4,76.1,240.2,"3,846.2",543.9,"2,949.7",352.7
IL,Menard,584.0,4.8,70.3,115.3,393.5,"2,930.5",655.2,"2,099.8",175.4
IL,Sangamon,584.0,4.8,70.3,115.3,393.5,"2,930.5",655.2,"2,099.8",175.4
MA,Franklin,471.7,4.4,51.7,80.5,335.1,"1,748.7",310.9,"1,294.1",143.6
MA,Hampden,471.7,4.4,51.7,80.5,335.1,"1,748.7",310.9,"1,294.1",143.6
MA,Hampshire,471.7,4.4,51.7,80.5,335.1,"1,748.7",310.9,"1,294.1",143.6
MO,Christian,632.7,3.6,92.5,74.0,462.6,"3,669.8",614.2,"2,614.2",441.4
MO,Dallas,632.7,3.6,92.5,74.0,462.6,"3,669.8",614.2,"2,614.2",441.4
MO,Greene,632.7,3.6,92.5,74.0,462.6,"3,669.8",614.2,"2,614.2",441.4
MO,Polk,632.7,3.6,92.5,74.0,462.6,"3,669.8",614.2,"2,614.2",441.4
MO,Webster,632.7,3.6,92.5,74.0,462.6,"3,669.8",614.2,"2,614.2",441.4
OH,Clark,246.5,2.2,12.7,94.9,136.7,"2,654.5",650.6,"1,802.3",201.7
PA,Centre,122.2,1.8,60.5,12.2,47.7,895.6,108.1,766.7,20.8
VA,Augusta,170.9,1.6,37.4,10.6,121.2,"1,428.8",207.5,"1,106.6",114.7
VA,Staunton,170.9,1.6,37.4,10.6,121.2,"1,428.8",207.5,"1,106.6",114.7
VA,Waynesboro,170.9,1.6,37.4,10.6,121.2,"1,428.8",207.5,"1,106.6",114.7
MN,Benton,184.8,0.5,43.8,28.4,112.1,"2,043.1",195.7,"1,715.3",132.0
MN,Stearns,184.8,0.5,43.8,28.4,112.1,"2,043.1",195.7,"1,715.3",132.0
UT,Washington,169.9,1.7,47.2,11.9,109.1,"1,441.1",231.8,"1,092.2",117.1
KS,Doniphan,404.8,2.4,115.6,45.1,241.6,"3,872.5",542.6,"2,746.9",583.0
MO,Andrew,404.8,2.4,115.6,45.1,241.6,"3,872.5",542.6,"2,746.9",583.0
MO,Buchanan,404.8,2.4,115.6,45.1,241.6,"3,872.5",542.6,"2,746.9",583.0
MO,DeKalb,404.8,2.4,115.6,45.1,241.6,"3,872.5",542.6,"2,746.9",583.0
CA,San Joaquin,788.5,6.6,39.9,206.7,535.3,"2,836.2",499.6,"1,928.8",407.8
SC,Clarendon,718.6,12.1,37.1,68.6,600.7,"3,150.7",780.7,"2,135.0",235.0
SC,Sumter,718.6,12.1,37.1,68.6,600.7,"3,150.7",780.7,"2,135.0",235.0
NY,Madison,280.0,3.1,57.3,51.1,168.4,"1,676.8",251.9,"1,288.8",136.0
NY,Onondaga,280.0,3.1,57.3,51.1,168.4,"1,676.8",251.9,"1,288.8",136.0
NY,Oswego,280.0,3.1,57.3,51.1,168.4,"1,676.8",251.9,"1,288.8",136.0
FL,Gadsden,527.5,6.5,71.0,81.2,368.9,"2,930.5",560.3,"2,124.4",245.8
FL,Jefferson,527.5,6.5,71.0,81.2,368.9,"2,930.5",560.3,"2,124.4",245.8
FL,Leon,527.5,6.5,71.0,81.2,368.9,"2,930.5",560.3,"2,124.4",245.8
FL,Wakulla,527.5,6.5,71.0,81.2,368.9,"2,930.5",560.3,"2,124.4",245.8
FL,Hernando,292.1,4.0,36.9,49.8,201.5,"1,685.6",216.1,"1,341.8",127.7
FL,Hillsborough,292.1,4.0,36.9,49.8,201.5,"1,685.6",216.1,"1,341.8",127.7
FL,Pasco,292.1,4.0,36.9,49.8,201.5,"1,685.6",216.1,"1,341.8",127.7
FL,Pinellas,292.1,4.0,36.9,49.8,201.5,"1,685.6",216.1,"1,341.8",127.7
AR,Little River,451.9,5.3,60.2,51.5,334.9,"2,652.5",558.8,"1,939.9",153.7
AR,Miller,451.9,5.3,60.2,51.5,334.9,"2,652.5",558.8,"1,939.9",153.7
TX,Bowie,451.9,5.3,60.2,51.5,334.9,"2,652.5",558.8,"1,939.9",153.7
FL,Sumter,187.3,3.8,13.5,15.0,155.0,856.9,239.3,528.9,88.8
OH,Fulton,471.7,5.6,48.5,111.8,305.8,"2,452.9",469.3,"1,821.4",162.1
OH,Lucas,471.7,5.6,48.5,111.8,305.8,"2,452.9",469.3,"1,821.4",162.1
OH,Ottawa,471.7,5.6,48.5,111.8,305.8,"2,452.9",469.3,"1,821.4",162.1
OH,Wood,471.7,5.6,48.5,111.8,305.8,"2,452.9",469.3,"1,821.4",162.1
KS,Jackson,492.8,6.9,45.7,109.5,330.7,,,"2,409.2",499.7
KS,Jefferson,492.8,6.9,45.7,109.5,330.7,,,"2,409.2",499.7
KS,Osage,492.8,6.9,45.7,109.5,330.7,,,"2,409.2",499.7
KS,Shawnee,492.8,6.9,45.7,109.5,330.7,,,"2,409.2",499.7
KS,Wabaunsee,492.8,6.9,45.7,109.5,330.7,,,"2,409.2",499.7
NJ,Mercer,346.6,4.6,32.0,105.6,204.4,"1,512.3",252.7,"1,123.5",136.0
AZ,Pima,447.4,5.3,62.4,123.9,255.9,"2,881.4",405.1,"2,168.0",308.2
OK,Creek,529.6,8.2,57.4,83.0,381.0,"3,227.8",737.0,"2,059.5",431.3
OK,Okmulgee,529.6,8.2,57.4,83.0,381.0,"3,227.8",737.0,"2,059.5",431.3
OK,Osage,529.6,8.2,57.4,83.0,381.0,"3,227.8",737.0,"2,059.5",431.3
OK,Pawnee,529.6,8.2,57.4,83.0,381.0,"3,227.8",737.0,"2,059.5",431.3
OK,Rogers,529.6,8.2,57.4,83.0,381.0,"3,227.8",737.0,"2,059.5",431.3
OK,Tulsa,529.6,8.2,57.4,83.0,381.0,"3,227.8",737.0,"2,059.5",431.3
OK,Wagoner,529.6,8.2,57.4,83.0,381.0,"3,227.8",737.0,"2,059.5",431.3
ID,Jerome,286.8,1.8,55.4,8.9,220.7,"1,357.1",271.6,997.1,88.4
ID,Twin Falls,286.8,1.8,55.4,8.9,220.7,"1,357.1",271.6,997.1,88.4
TX,Smith,334.1,3.0,57.5,35.9,237.7,"2,175.8",400.2,"1,590.6",185.0
HI,Honolulu,270.6,2.8,34.9,97.9,135.1,"3,001.6",396.3,"2,211.7",393.6
NY,Herkimer,271.4,2.8,61.3,61.3,146.1,"1,573.1",206.7,"1,300.3",66.1
NY,Oneida,271.4,2.8,61.3,61.3,146.1,"1,573.1",206.7,"1,300.3",66.1
CA,Solano,472.9,4.7,59.1,147.9,261.3,"2,943.8",833.7,"1,648.3",461.9
TX,Goliad,464.4,7.0,88.3,60.2,308.9,"2,459.3",530.6,"1,752.2",176.5
TX,Victoria,464.4,7.0,88.3,60.2,308.9,"2,459.3",530.6,"1,752.2",176.5
NJ,Cumberland,421.8,4.7,48.1,157.1,211.9,"2,705.4",545.5,"2,074.3",85.6
NC,Camden,349.5,8.0,33.9,73.0,234.6,"2,410.0",240.3,"1,987.4",182.3
NC,Currituck,349.5,8.0,33.9,73.0,234.6,"2,410.0",240.3,"1,987.4",182.3
VA,Gloucester,349.5,8.0,33.9,73.0,234.6,"2,410.0",240.3,"1,987.4",182.3
VA,Isle of Wight,349.5,8.0,33.9,73.0,234.6,"2,410.0",240.3,"1,987.4",182.3
VA,James City,349.5,8.0,33.9,73.0,234.6,"2,410.0",240.3,"1,987.4",182.3
VA,Mathews,349.5,8.0,33.9,73.0,234.6,"2,410.0",240.3,"1,987.4",182.3
VA,Southampton,349.5,8.0,33.9,73.0,234.6,"2,410.0",240.3,"1,987.4",182.3
VA,York,349.5,8.0,33.9,73.0,234.6,"2,410.0",240.3,"1,987.4",182.3
VA,Counties,349.5,8.0,33.9,73.0,234.6,"2,410.0",240.3,"1,987.4",182.3
VA,Chesapeake,349.5,8.0,33.9,73.0,234.6,"2,410.0",240.3,"1,987.4",182.3
VA,Franklin,349.5,8.0,33.9,73.0,234.6,"2,410.0",240.3,"1,987.4",182.3
VA,Hampton,349.5,8.0,33.9,73.0,234.6,"2,410.0",240.3,"1,987.4",182.3
VA,Newport,349.5,8.0,33.9,73.0,234.6,"2,410.0",240.3,"1,987.4",182.3
VA,News,349.5,8.0,33.9,73.0,234.6,"2,410.0",240.3,"1,987.4",182.3
VA,Norfolk,349.5,8.0,33.9,73.0,234.6,"2,410.0",240.3,"1,987.4",182.3
VA,Poquoson,349.5,8.0,33.9,73.0,234.6,"2,410.0",240.3,"1,987.4",182.3
VA,Portsmouth,349.5,8.0,33.9,73.0,234.6,"2,410.0",240.3,"1,987.4",182.3
VA,Virginia Beach,349.5,8.0,33.9,73.0,234.6,"2,410.0",240.3,"1,987.4",182.3
VA,Williamsburg,349.5,8.0,33.9,73.0,234.6,"2,410.0",240.3,"1,987.4",182.3
CA,Tulare,364.0,4.3,41.7,83.7,234.3,"2,285.7",435.6,"1,453.2",396.9
TX,Falls,427.8,4.8,60.2,63.1,299.7,"2,559.2",452.7,"1,884.2",222.3
TX,McLennan,427.8,4.8,60.2,63.1,299.7,"2,559.2",452.7,"1,884.2",222.3
WA,Walla Walla,237.9,4.9,55.8,29.5,147.6,"2,426.1",452.7,"1,796.2",177.2
GA,Houston,414.7,2.2,48.8,86.7,277.0,"3,107.4",528.0,"2,366.4",213.1
GA,Peach,414.7,2.2,48.8,86.7,277.0,"3,107.4",528.0,"2,366.4",213.1
NY,Jefferson,219.8,0.0,86.8,18.1,114.9,"1,460.7",169.1,"1,243.6",47.9
WI,Lincoln,220.9,0.6,54.0,7.4,158.9,919.9,143.0,725.3,51.5
WI,Marathon3,220.9,0.6,54.0,7.4,158.9,919.9,143.0,725.3,51.5
OH,Jefferson,154.5,2.6,22.4,12.9,116.5,"1,351.9",130.4,"1,176.7",44.9
WV,Brooke,154.5,2.6,22.4,12.9,116.5,"1,351.9",130.4,"1,176.7",44.9
WV,Hancock,154.5,2.6,22.4,12.9,116.5,"1,351.9",130.4,"1,176.7",44.9
WA,Chelan,106.1,1.7,23.2,9.9,71.3,"1,143.8",189.8,882.7,71.3
WA,Douglas,106.1,1.7,23.2,9.9,71.3,"1,143.8",189.8,882.7,71.3
KS,Butler,781.2,6.1,74.0,77.9,623.3,,525.2,,411.7
KS,Harvey,781.2,6.1,74.0,77.9,623.3,,525.2,,411.7
KS,Sedgwick,781.2,6.1,74.0,77.9,623.3,,525.2,,411.7
KS,Sumner,781.2,6.1,74.0,77.9,623.3,,525.2,,411.7
TX,Archer,318.7,2.7,85.2,61.9,169.0,"2,565.2",491.0,"1,865.4",208.9
TX,Clay,318.7,2.7,85.2,61.9,169.0,"2,565.2",491.0,"1,865.4",208.9
TX,Wichita,318.7,2.7,85.2,61.9,169.0,"2,565.2",491.0,"1,865.4",208.9
NC,New Hanover,380.0,3.0,44.1,57.1,275.8,"2,181.6",460.8,"1,584.6",136.2
NC,Pender,380.0,3.0,44.1,57.1,275.8,"2,181.6",460.8,"1,584.6",136.2
VA,Frederick,160.8,0.7,47.0,14.2,98.9,"1,283.1",175.1,"1,029.1",79.0
VA,Winchester City,160.8,0.7,47.0,14.2,98.9,"1,283.1",175.1,"1,029.1",79.0
WV,Hampshire,160.8,0.7,47.0,14.2,98.9,"1,283.1",175.1,"1,029.1",79.0
CT,Windham,310.4,2.0,35.4,38.9,234.1,"1,065.2",186.1,793.7,85.5
MA,Worcester,310.4,2.0,35.4,38.9,234.1,"1,065.2",186.1,793.7,85.5
WA,Yakima,279.6,7.6,37.0,56.5,178.6,"2,599.1",453.3,"1,705.6",440.2
CA,Sutter,369.3,6.3,41.9,72.3,248.9,"2,460.9",460.5,"1,526.1",474.3
CA,Yuba,369.3,6.3,41.9,72.3,248.9,"2,460.9",460.5,"1,526.1",474.3
AZ,Yuma,277.8,11.2,21.5,19.1,225.9,"1,730.6",370.2,"1,151.2",209.1
Puerto Rico,Aguada,148.6,4.8,7.3,17.6,118.9,495.7,142.4,333.6,19.7
Puerto Rico,Aguadilla,148.6,4.8,7.3,17.6,118.9,495.7,142.4,333.6,19.7
Puerto Rico,Anasco,148.6,4.8,7.3,17.6,118.9,495.7,142.4,333.6,19.7
Puerto Rico,Isabela,148.6,4.8,7.3,17.6,118.9,495.7,142.4,333.6,19.7
Puerto Rico,Lares,148.6,4.8,7.3,17.6,118.9,495.7,142.4,333.6,19.7
Puerto Rico,Moca,148.6,4.8,7.3,17.6,118.9,495.7,142.4,333.6,19.7
Puerto Rico,Rincon,148.6,4.8,7.3,17.6,118.9,495.7,142.4,333.6,19.7
Puerto Rico,San Sebastian,148.6,4.8,7.3,17.6,118.9,495.7,142.4,333.6,19.7
Puerto Rico,Utuado,148.6,4.8,7.3,17.6,118.9,495.7,142.4,333.6,19.7
Puerto Rico,Arecibo,163.8,10.3,7.4,42.4,103.7,457.6,131.2,277.8,48.7
Puerto Rico,Camuy,163.8,10.3,7.4,42.4,103.7,457.6,131.2,277.8,48.7
Puerto Rico,Hatillo,163.8,10.3,7.4,42.4,103.7,457.6,131.2,277.8,48.7
Puerto Rico,Quebradillas,163.8,10.3,7.4,42.4,103.7,457.6,131.2,277.8,48.7
Puerto Rico,Arroyo,209.8,13.7,5.5,30.2,160.5,485.5,142.6,320.9,21.9
Puerto Rico,Guayama,209.8,13.7,5.5,30.2,160.5,485.5,142.6,320.9,21.9
Puerto Rico,Patillas,209.8,13.7,5.5,30.2,160.5,485.5,142.6,320.9,21.9
Puerto Rico,Hormigueros,112.7,4.2,7.4,26.3,74.8,398.0,74.8,292.7,30.5
Puerto Rico,Las Marias,112.7,4.2,7.4,26.3,74.8,398.0,74.8,292.7,30.5
Puerto Rico,Mayaguez,112.7,4.2,7.4,26.3,74.8,398.0,74.8,292.7,30.5
Puerto Rico,Adjuntas,165.4,12.1,3.7,62.2,87.3,573.6,112.4,383.2,78.0
Puerto Rico,Juana Diaz,165.4,12.1,3.7,62.2,87.3,573.6,112.4,383.2,78.0
Puerto Rico,Ponce,165.4,12.1,3.7,62.2,87.3,573.6,112.4,383.2,78.0
Puerto Rico,Villalba,165.4,12.1,3.7,62.2,87.3,573.6,112.4,383.2,78.0
Puerto Rico,Cabo,83.2,10.7,2.5,5.8,64.2,331.8,78.2,238.8,14.8
Puerto Rico,Rojo,83.2,10.7,2.5,5.8,64.2,331.8,78.2,238.8,14.8
Puerto Rico,Lajas,83.2,10.7,2.5,5.8,64.2,331.8,78.2,238.8,14.8
Puerto Rico,Sabana Grande,83.2,10.7,2.5,5.8,64.2,331.8,78.2,238.8,14.8
Puerto Rico,San German,83.2,10.7,2.5,5.8,64.2,331.8,78.2,238.8,14.8
Puerto Rico,Aguas Buenas,227.3,23.6,6.8,86.7,110.2,845.0,143.1,542.0,159.9
Puerto Rico,Aibonito,227.3,23.6,6.8,86.7,110.2,845.0,143.1,542.0,159.9
Puerto Rico,Barceloneta,227.3,23.6,6.8,86.7,110.2,845.0,143.1,542.0,159.9
Puerto Rico,Barranquitas,227.3,23.6,6.8,86.7,110.2,845.0,143.1,542.0,159.9
Puerto Rico,Bayamon,227.3,23.6,6.8,86.7,110.2,845.0,143.1,542.0,159.9
Puerto Rico,Caguas,227.3,23.6,6.8,86.7,110.2,845.0,143.1,542.0,159.9
Puerto Rico,Canovanas,227.3,23.6,6.8,86.7,110.2,845.0,143.1,542.0,159.9
Puerto Rico,Carolina,227.3,23.6,6.8,86.7,110.2,845.0,143.1,542.0,159.9
Puerto Rico,Catano,227.3,23.6,6.8,86.7,110.2,845.0,143.1,542.0,159.9
Puerto Rico,Cayey,227.3,23.6,6.8,86.7,110.2,845.0,143.1,542.0,159.9
Puerto Rico,Ceiba,227.3,23.6,6.8,86.7,110.2,845.0,143.1,542.0,159.9
Puerto Rico,Ciales,227.3,23.6,6.8,86.7,110.2,845.0,143.1,542.0,159.9
Puerto Rico,Cidra,227.3,23.6,6.8,86.7,110.2,845.0,143.1,542.0,159.9
Puerto Rico,Comerio,227.3,23.6,6.8,86.7,110.2,845.0,143.1,542.0,159.9
Puerto Rico,Corozal,227.3,23.6,6.8,86.7,110.2,845.0,143.1,542.0,159.9
Puerto Rico,Dorado,227.3,23.6,6.8,86.7,110.2,845.0,143.1,542.0,159.9
Puerto Rico,Fajardo,227.3,23.6,6.8,86.7,110.2,845.0,143.1,542.0,159.9
Puerto Rico,Florida,227.3,23.6,6.8,86.7,110.2,845.0,143.1,542.0,159.9
Puerto Rico,Guaynabo,227.3,23.6,6.8,86.7,110.2,845.0,143.1,542.0,159.9
Puerto Rico,Gurabo,227.3,23.6,6.8,86.7,110.2,845.0,143.1,542.0,159.9
Puerto Rico,Humacao,227.3,23.6,6.8,86.7,110.2,845.0,143.1,542.0,159.9
Puerto Rico,Juncos,227.3,23.6,6.8,86.7,110.2,845.0,143.1,542.0,159.9
Puerto Rico,Las Piedras,227.3,23.6,6.8,86.7,110.2,845.0,143.1,542.0,159.9
Puerto Rico,Loiza,227.3,23.6,6.8,86.7,110.2,845.0,143.1,542.0,159.9
Puerto Rico,Luquillo,227.3,23.6,6.8,86.7,110.2,845.0,143.1,542.0,159.9
Puerto Rico,Manati,227.3,23.6,6.8,86.7,110.2,845.0,143.1,542.0,159.9
Puerto Rico,Maunabo,227.3,23.6,6.8,86.7,110.2,845.0,143.1,542.0,159.9
Puerto Rico,Morovis,227.3,23.6,6.8,86.7,110.2,845.0,143.1,542.0,159.9
Puerto Rico,Naguabo,227.3,23.6,6.8,86.7,110.2,845.0,143.1,542.0,159.9
Puerto Rico,Naranjito,227.3,23.6,6.8,86.7,110.2,845.0,143.1,542.0,159.9
Puerto Rico,Orocovis,227.3,23.6,6.8,86.7,110.2,845.0,143.1,542.0,159.9
Puerto Rico,Rio Grande,227.3,23.6,6.8,86.7,110.2,845.0,143.1,542.0,159.9
Puerto Rico,San Juan,227.3,23.6,6.8,86.7,110.2,845.0,143.1,542.0,159.9
Puerto Rico,San Lorenzo,227.3,23.6,6.8,86.7,110.2,845.0,143.1,542.0,159.9
Puerto Rico,Toa Alta,227.3,23.6,6.8,86.7,110.2,845.0,143.1,542.0,159.9
Puerto Rico,Toa Baja,227.3,23.6,6.8,86.7,110.2,845.0,143.1,542.0,159.9
Puerto Rico,Trujillo Alto,227.3,23.6,6.8,86.7,110.2,845.0,143.1,542.0,159.9
Puerto Rico,Vega Alta,227.3,23.6,6.8,86.7,110.2,845.0,143.1,542.0,159.9
Puerto Rico,Vega Baja,227.3,23.6,6.8,86.7,110.2,845.0,143.1,542.0,159.9
Puerto Rico,Yabucoa,227.3,23.6,6.8,86.7,110.2,845.0,143.1,542.0,159.9
Puerto Rico,Guanica,172.4,11.7,12.8,22.1,125.8,311.1,76.9,214.4,19.8
Puerto Rico,Guayanilla,172.4,11.7,12.8,22.1,125.8,311.1,76.9,214.4,19.8
Puerto Rico,Penuelas,172.4,11.7,12.8,22.1,125.8,311.1,76.9,214.4,19.8
Puerto Rico,Yauco,172.4,11.7,12.8,22.1,125.8,311.1,76.9,214.4,19.8
